序号,一级意图,二级意图,经验知识,商品品类,问题,标准答案
1,商品咨询与推荐,商品使用方法,透明防水涂料施工温度建议5-35℃，涂刷2-3遍效果最佳，每遍干透后再进行下一遍，方向交叉更均匀,外墙/窗台防水,"https://detail.tmall.com/item.htm?id=608673984488
外墙透明防水涂料的怎么施工？",您好，透明防水涂料建议在5-35℃环境下施工，温度过低或过高都会影响涂料的干燥和附着效果。涂刷建议2-3遍，为确保最佳防水效果推荐涂3遍。每遍需要干透后再进行下一遍，涂刷方向交叉会更均匀，防水效果更好。这是外墙透明防水的施工教程，您可以参考一下https://cloud.video.taobao.com/vod/gKUJCsq0nCjvMZp3qPzH6naciGlIGuxYwwtaH7Jq0ts.mp4
2,商品咨询与推荐,商品对比,,外墙/窗台防水,"https://detail.tmall.com/item.htm?id=608673984488&skuId=6185646987387
超耐候外墙透明防水和没有超耐候的有什么区别？",亲亲您好，[发送超耐候透明防水商品对比图]，两者的主要区别在耐候性和耐久性。超耐候款抗紫外线更强、不易黄变、不易老化，耐水性高、久泡不发白，适合长期日晒雨淋的外墙、窗台、阳台等位置；普通款以基础防水、防渗为主，耐候性和使用年限相对较低，更适合一般外墙修补。总体来说，想用得久选超耐候，常规防水选普通款。
3,商品咨询与推荐,商品属性咨询,透明防水涂料具有耐高温、抗低温、抗紫外线、耐老化特性，适用于外墙窗台等户外环境,外墙/窗台防水,超耐候外墙透明防水涂料的能耐高温吗？,亲亲您好，这款透明防水涂料耐高低温为零下20到60度，具有优异的耐候性能，耐高温、抗低温、抗紫外线、耐老化，非常适合外墙、窗台等户外环境使用。产品能够长期抵御日晒雨淋，不易老化变质，防水效果持久。
4,商品咨询与推荐,商品用量咨询,,外墙/窗台防水,涂屋顶要多少防水涂料啊？,亲亲您好，您这边需要涂刷的面积大概多少。咱们这款超耐候防水涂料5kg 一桶大约可涂 10–15㎡，具体用量会根据屋顶基层是否平整、吸水性以及涂刷遍数有所变化。一般建议涂 2 遍，如果屋顶较粗糙或有细小裂缝，用量会偏向下限，购买时可适当多预留一些，避免中途不够。
5,商品咨询与推荐,商品效果预期,,外墙/窗台防水,防水涂料施工之后多久才能干？,亲亲您好，防水涂料施工后约 4 小时可表干，表面不粘手；约 24 小时可实干并达到基本使用强度。实际干燥时间会受温度、湿度和涂刷厚度影响，天气较冷或潮湿时建议适当延长等待时间，未完全干透前避免踩踏或遇水。
6,商品咨询与推荐,商品选型,,外墙/窗台防水,"https://detail.tmall.com/item.htm?id=608673984488
室内墙面防水涂料小容量选哪款？",亲亲，您需要涂刷的墙面是什么材质，这款透明防水只适合瓷砖、石材、水泥、混凝土墙面，不建议用于乳胶漆墙面哦。这款超强抗裂透明防水涂料有1kg小容量规格的，大概可以涂刷3.3m2哈，商品链接，您看下哈https://detail.tmall.com/item.htm?id=608673984488&skuId=4280914353850
7,商品咨询与推荐,适用场景匹配,透明防水涂料可用于混凝土和瓷砖表面，但处理方式不同：混凝土需先补大缝再整体刷，瓷砖需确保表面干净无油,外墙/窗台防水,"https://detail.tmall.com/item.htm?id=608673984488
外墙透明防水涂料可以用在瓷砖和混凝土表面吗？",亲亲您好，透明防水涂料可以用于混凝土和瓷砖两种表面，但处理方式稍有不同。混凝土表面需要先补大缝再整体涂刷；瓷砖表面需要确保干净无油污，否则会影响附着力。施工前都要保证基面干燥、清洁，这样防水效果才能达到最佳。
8,商品咨询与推荐,适用场景匹配,外墙防水涂料可用于多种基面和问题场景，但不同基面的处理方式有差异，需要根据具体情况调整施工方法,外墙/窗台防水,"https://detail.tmall.com/item.htm?id=608673984488
外墙防水涂料可以同时处理墙面裂缝和窗台渗水吗？",亲亲，立邦透明防水涂料可以同时处理墙面裂缝和窗台渗水问题。这款产品适用于混凝土和瓷砖两种基面，但处理方式稍有不同。对于混凝土基面，需要先清理裂缝并补平大缝，然后再整体涂刷防水涂料。对于瓷砖表面，必须确保表面干净无油污，否则会影响附着力。涂刷时建议涂3遍，每遍干透再上下一遍，裂缝处记得先清理干净再刷。需要注意的是，如果裂缝过宽或基面严重损坏，可能需要先进行基础修补。这是外墙透明防水的施工教程，您可以参考一下https://cloud.video.taobao.com/vod/gKUJCsq0nCjvMZp3qPzH6naciGlIGuxYwwtaH7Jq0ts.mp4
9,商品咨询与推荐,商品使用方法,,漆面修缮,"https://detail.tmall.com/item.htm?id=679124265044
一瓶墙面喷雾能喷多少面积？",亲亲，一罐285ml大概可以施工1-2平米的哈，这边是预估用量，具体以您实际用量为准，因为您购买的是消耗品，您的手法会影响用量·
10,商品咨询与推荐,商品使用方法,墙面滚筒刷使用后需及时清洗晾干保存，干结后难以恢复，下次使用前用清水浸润拧干即可,漆面修缮,"https://detail.tmall.com/item.htm?id=863831138785
墙面滚筒刷用完后如何保存？",亲亲您好，墙面滚筒刷用完后需要及时拆下来，用清水冲洗干净，晾干后再收好保存。如果滚刷已经干结，很难恢复使用了。下次使用前，先检查滚筒有没有干结或变形，如果保存完好，用清水稍微浸润一下滚筒，拧干多余水分，再直接蘸取补墙漆涂刷就行。补墙漆本身密闭存放于5-35℃阴凉干燥处即可，避免阳光直射。
11,商品咨询与推荐,商品使用方法,墙面发霉修补需要先将松动位置铲掉，用砂纸打磨霉斑后再涂刷补墙漆,漆面修缮,"https://detail.tmall.com/item.htm?id=631617350390
墙面发霉怎么处理呢？",亲亲您好，墙面发霉的处理步骤如下：1.检查墙面是否有松动、起皮的位置，如有需要先铲掉；2.使用砂纸将霉斑打磨掉，清理干净；3.如墙面处理后不平整，需要先用补墙膏修补平整；4.确保墙面干燥后再涂刷补墙漆。不建议直接在霉斑上涂刷，否则霉菌可能继续生长导致再次发霉。产品会赠送砂纸，方便您自行处理。
12,商品咨询与推荐,商品使用方法,补墙漆适用于墙面无坑洼的情况，可直接涂刷修复污渍和轻微损伤,漆面修缮,"https://detail.tmall.com/item.htm?id=754396076823
补墙漆的怎么使用？",您好！补墙漆适合修复墙面污渍和轻微损伤，使用方法如下：1）适用条件：墙面没有明显坑洼、裂纹或起皮，只是有污渍、划痕或轻微磨损；2）使用方法：可以直接用补墙漆涂刷覆盖，产品自带大刷头，操作简单方便；3）产品特点：遮盖力强、干燥快速、漆膜细腻、净味环保，耐擦洗次数高达6000次；4）注意事项：如果墙面有坑洼、裂纹或起皮，需要先用补墙膏填平，待干燥打磨后再用补墙漆补色。对于撕掉装饰物后留下的胶痕或黑色污渍，建议先拍照确认具体情况，以便给出更准确的处理方案。这是大滚刷补墙漆的施工教程，您可以参考一下https://cloud.video.taobao.com/vod/Vh2O1cBHENlNqhz8L3Y1b8Enhi3tR7H9BcPd1JZIdsQ.mp4
13,商品咨询与推荐,商品对比,,漆面修缮,"https://detail.tmall.com/item.htm?id=863831138785
净味补墙漆和荷净抗污补墙漆有什么区别？",亲亲，这两款都是立邦的抗污补墙漆，核心功能相近，荷净抗污补墙漆Pro，升级了抗污和耐擦洗性能，达到30000次耐擦洗，I级抗污，适合有小孩或宠物容易弄脏的墙面；净味补墙漆基础性能也不错。建议优先选Pro款，防护更全面。[发送补墙漆商品对比图片]
14,商品咨询与推荐,商品属性咨询,补墙漆适用于遮盖墙面污渍、涂鸦、发霉、黑印等表面瑕疵，遮盖力强且耐擦洗,漆面修缮,"https://detail.tmall.com/item.htm?id=863831138785
补墙漆可以修复哪些墙面问题？",亲亲您好，补墙漆可以修复墙面表面的瑕疵、污渍、脏乱、涂鸦、发霉、黑印等问题。小孩涂鸦和墙面脏污用大滚刷补墙漆就能搞定，遮盖力强还耐擦洗，耐擦洗次数高达6000次。
15,商品咨询与推荐,商品属性咨询,补墙漆甲醛未检出符合国家安全标准，通风后无味可安心入住，无需搬离住处,漆面修缮,"https://detail.tmall.com/item.htm?id=863831138785
补墙漆使用后需要搬离住处吗？",亲亲您好，我们的补墙漆是甲醛未检出的，符合国家安全标准。通风后没味道就能安心入住，不用搬离住处。产品净味环保，适合有小孩的家庭使用。
16,商品咨询与推荐,商品属性咨询,补墙漆施工不会掉灰，无需铺设挡灰膜，是便捷的墙面修复产品,漆面修缮,"https://detail.tmall.com/item.htm?id=863831138785
用补墙漆修复墙面时要在地面铺挡灰膜吗？",亲亲您好，补墙漆施工不会掉灰，地面不用铺挡灰膜。这款产品自带大刷头，施工方便，漆膜细腻，不会产生粉尘污染。直接在墙面涂刷即可，无需额外的防护措施。
17,商品咨询与推荐,商品属性咨询,补墙漆产品甲醛苯等有害物质未检出，环保安全，适合有老人小孩的家庭使用,漆面修缮,"https://detail.tmall.com/item.htm?id=863831138785
补墙漆对人体有没有影响？",您好，补墙漆产品经过检测，甲醛、苯等有害物质都是未检出的，环保安全。产品采用水性配方，即刷即住，无需长时间通风等待。适合有老人、小孩的家庭使用，可以放心选购。涂刷后保持适当通风，4小时表干后即可正常活动。
18,商品咨询与推荐,商品属性咨询,补墙漆干燥时间为4小时表干、24小时实干，产品即刷即住无需长时间通风,漆面修缮,"https://detail.tmall.com/item.htm?id=863831138785
补墙漆涂刷后多久可以干？",亲亲您好，补墙漆的干燥时间为2小时表干、24小时实干。这款产品是即刷即住的设计，甲醛、苯等有害物质都是未检出的，环保安全。涂刷后保持通风，表干后即可正常活动，24小时实干后墙面完全固化。无需像传统油漆那样长时间通风等待。
19,商品咨询与推荐,商品选型,有小孩的家庭建议选择荷净抗污升级款补墙漆，拥有美国绿色卫士金级认证和欧盟玩具标准认证,漆面修缮,"https://detail.tmall.com/item.htm?id=863831138785&skuId=6061011770898
有小孩的家庭应该选择哪款补墙漆？",亲亲您好，有小孩的家庭建议选择荷净抗污升级款大滚刷补墙漆。这款产品拥有美国绿色卫士金级认证、美国FDA认证，更获得欧盟玩具标准认证，是我们家最高端的补墙漆，环保等级最高，可以放心给小朋友使用。这是商品链接哦～https://detail.tmall.com/item.htm?id=863831138785&skuId=6061011770898
20,商品咨询与推荐,适用场景匹配,,漆面修缮,"https://detail.tmall.com/item.htm?id=863831138785
墙角有点磕磕碰碰，脏兮兮的可以用补墙漆吗",亲亲可以的，用之前先用砂纸打磨平，墙面如果破损比较多，需要先使用补墙膏修补平整，然后再用补墙漆涂刷哦～
21,商品咨询与推荐,适用场景匹配,,漆面修缮,"https://detail.tmall.com/item.htm?id=863831138785
靠外墙的一面漏水发霉能用补墙漆吗？",亲亲，靠外墙漏水发霉，建议先处理渗水源头，不然刷漆后还是可能再发霉。如果墙面漏出还需要用固沙加固下墙面，然后使用防水的补墙膏和补墙漆哈～
22,商品咨询与推荐,商品效果预期,,漆面修缮,"https://detail.tmall.com/item.htm?id=863831138785
补墙漆能彻底修好墙面问题吗？",亲亲补墙漆适合乳胶漆墙面细微开裂、脏污覆盖等问题，可快速恢复墙面整洁度，小面积破损起皮，需要先用补墙膏修补平整后再使用补墙漆；若是大面积起皮、严重开裂或返碱发霉，建议整体翻新处理，效果更理想。
23,商品咨询与推荐,商品效果预期,,漆面修缮,补墙漆修缮后能看出来修过吗？,亲亲，漆面修缮后可以明显改善划痕、磕碰、起皮等问题，整体观感更平整干净。但由于原墙面老化程度、颜色差异等因素，看起来会有一定色差，属于正常现象。
24,商品咨询与推荐,商品用量咨询,,漆面修缮,补墙漆一般需要用多少？,亲亲，补墙漆一般用于局部修补，通常300g可涂约2m²（1遍），500g可涂约 4–5㎡（1遍），实际用量会根据施工手法和操作情况有所变化，购买时可适当预留一点更稳妥。
25,商品咨询与推荐,商品使用方法,补墙膏与固沙剂、补墙漆搭配使用效果更佳：固沙剂处理起沙墙面增强基面牢度，补墙膏修补平整，补墙漆遮盖补色,腻子层修缮,补墙膏和其他产品怎么搭配使用？,亲亲您好，补墙膏搭配固沙剂和补墙漆使用效果更佳，完整修补流程如下：1.如果墙面有起沙、掉粉问题，先用固沙剂处理基层，增强基面牢度，防止后续脱落；2.用补墙膏填补坑洞、裂缝，刮平修补区域，等待干燥；3.干燥后用补墙漆进行补色遮盖，使修补区域与周围墙面颜色一致。不建议单独使用补墙膏，补墙膏长期暴露在外面可能出现掉粉情况，搭配补墙漆使用修补效果更持久、更美观。这是固沙剂，补墙膏，大滚刷补墙漆的搭配施工教程，您可以参考一下https://cloud.video.taobao.com/vod/YH2SFZIIUTTwV3ou-3iwNbFYrV8y4Pa5BoQK-GXfnIg.mp4
26,商品咨询与推荐,商品使用方法,墙面修补前需判断原腻子层是否松动（掉粉），松动部分需铲除，牢固部分只需清理表面粉尘即可,腻子层修缮,墙面修补时原来的腻子层要刮掉吗？,亲亲您好，墙面修补时不一定要把原腻子层全部刮掉，需要根据实际情况判断。用手指按压墙面，如果有松动、掉粉的情况，这部分需要铲除；如果按下去没有松动，腻子层牢固，只需要清理表面粉尘就可以直接施工了。松动的腻子层不处理会影响后续修补效果。
27,商品咨询与推荐,商品使用方法,需要了解产品特性和使用场景,腻子层修缮,补墙膏有使用方法吗,您好，补墙膏的正确施工步骤如下：1.先用补墙膏填平墙面坑洞，采用薄批多次的方式，批刮1-2次，每次间隔6-8小时；2.补墙膏完全干透后，用砂纸打磨平整；3.再滚涂补墙漆，涂刷两遍，两遍间隔4-6小时，不易开裂。这是防水抗渗补墙膏支装的施工教程，您可以参考一下https://cloud.video.taobao.com/vod/Cl6gq6r0MerRxQwN4YGkSIgdx2TxosUygKCd0AUFlWs.mp4 这是防水抗渗补墙膏桶装的施工教程，您可以参考一下https://cloud.video.taobao.com/vod/sPLko6SRHef9xuNHIOWt3Vpa8Mc0gBSVI3mCaBvpWig.mp4
28,商品咨询与推荐,商品使用方法,施工需要分层进行，每层间隔足够时间确保干透,腻子层修缮,"https://detail.tmall.com/item.htm?id=631617350390
补墙膏固沙剂怎么搭配修补膏","您好，使用方法：
1.先清理干净墙面，喷加固剂，1-2遍，静置4-6小时之后
2.补墙膏先填平，薄批多次1-2次，间隔6-8小时
3.补墙膏完全干透之后，砂纸打磨，再滚涂补墙漆，两遍间隔4-6小时。这是固沙剂 ，补墙膏 ，大滚刷补墙漆的搭配施工教程，您可以参考一下https://cloud.video.taobao.com/vod/YH2SFZIIUTTwV3ou-3iwNbFYrV8y4Pa5BoQK-GXfnIg.mp4"
29,商品咨询与推荐,商品使用方法,潮湿环境需选择防水型材料,腻子层修缮,"https://detail.tmall.com/item.htm?id=631617350390
补墙膏可以重新给我施工步骤吗",您好，补墙膏的正确施工步骤如下：1.先用补墙膏填平墙面坑洞，采用薄批多次的方式，批刮1-2次，每次间隔6-8小时；2.补墙膏完全干透后，用砂纸打磨平整；3.再滚涂补墙漆，涂刷两遍，两遍间隔4-6小时。这是防水抗渗补墙膏支装的施工教程，您可以参考一下https://cloud.video.taobao.com/vod/Cl6gq6r0MerRxQwN4YGkSIgdx2TxosUygKCd0AUFlWs.mp4这是防水抗渗补墙膏桶装的施工教程，您可以参考一下https://cloud.video.taobao.com/vod/sPLko6SRHef9xuNHIOWt3Vpa8Mc0gBSVI3mCaBvpWig.mp4
30,商品咨询与推荐,商品使用方法,墙面修复需要先判断损伤程度，深度裂纹需要补墙膏填平后再用补墙漆补色，浅层划痕可直接打磨后补漆,腻子层修缮,"https://detail.tmall.com/item.htm?id=631617350390
墙面出现裂纹怎么用补墙膏和补墙漆来修复？",您好！墙面裂纹修复需要分步骤进行：首先用补墙膏填补裂缝和坑洞，补墙膏相当于腻子膏，主要作用是填补墙面不平的地方；待补墙膏干燥后进行打磨平整；最后用补墙漆进行补色，补墙漆相当于乳胶漆，主要让外表形成光滑密封的状态。如果只是浅层划痕没有凹陷，可以直接打磨后用补墙漆覆盖。这是固沙剂，补墙膏，大滚刷补墙漆的搭配施工教程，您可以参考一下https://cloud.video.taobao.com/vod/YH2SFZIIUTTwV3ou-3iwNbFYrV8y4Pa5BoQK-GXfnIg.mp4
31,商品咨询与推荐,商品使用方法,施工需要分层进行，每层间隔足够时间确保干透,腻子层修缮,"https://detail.tmall.com/item.htm?id=631617350390
补墙膏怎么使用，直接挤上去就行吗",亲亲您好，补墙膏先填平，薄批多次1-2次，间隔6-8小时补墙膏完全干透之后，砂纸打磨，再滚涂补墙漆，两遍间隔4-6小时。这是防水抗渗补墙膏支装的施工教程，您可以参考一下https://cloud.video.taobao.com/vod/Cl6gq6r0MerRxQwN4YGkSIgdx2TxosUygKCd0AUFlWs.mp4
32,商品咨询与推荐,商品使用方法,施工需要分层进行，每层间隔足够时间确保干透,腻子层修缮,"https://detail.tmall.com/item.htm?id=631617350390
补墙膏每项操作都间隔多长时间",您好，补墙膏的正确施工步骤如下：1.先用补墙膏填平墙面坑洞，采用薄批多次的方式，批刮1-2次，每次间隔6-8小时；2.补墙膏完全干透后，用砂纸打磨平整；3.再滚涂补墙漆，涂刷两遍，两遍间隔4-6小时。这是防水抗渗补墙膏支装的施工教程，您可以参考一下https://cloud.video.taobao.com/vod/Cl6gq6r0MerRxQwN4YGkSIgdx2TxosUygKCd0AUFlWs.mp4这是防水抗渗补墙膏桶装的施工教程，您可以参考一下https://cloud.video.taobao.com/vod/sPLko6SRHef9xuNHIOWt3Vpa8Mc0gBSVI3mCaBvpWig.mp4
33,商品咨询与推荐,商品对比,需要了解产品特性和使用场景,腻子层修缮,"https://detail.tmall.com/item.htm?id=631617350390
这些补墙膏有什么区别",亲亲您好，这是这几款补墙膏的区别[发送补墙膏商品对比图片]，为了根据您的需求更精准的推荐，您说下需求和想法，我帮您推荐合适的商品~
34,商品咨询与推荐,商品属性咨询,补墙膏开封后建议当天用完，长时间暴露会影响产品性能，密封保存可延长使用时间但效果会下降,腻子层修缮,"https://detail.tmall.com/item.htm?id=631617350390
补墙膏开封后可以保存多久？",亲亲您好，补墙膏开封后建议当天用完最好。因为补墙膏暴露在空气中会逐渐干燥变硬，影响产品性能和施工效果。如果用不完，可以密封保存，但建议尽快使用。存放时注意密闭，放在5-35℃阴凉干燥处，避免阳光直射。
35,商品咨询与推荐,商品效果预期,正确施工的墙面裂纹修复具有持久性，不会再次开裂,腻子层修缮,"https://detail.tmall.com/item.htm?id=631617350390
补墙膏修复的墙面裂纹会再出现开裂问题吗？",您好！使用补墙膏正确修复的墙面裂纹不会再次开裂。修复的关键在于：1）彻底清理裂纹部位，确保无松动材料；2）用补墙膏完全填实裂缝；3）待完全干燥后打磨平整；4）最后用补墙漆封闭表面。只要按照正确的施工步骤操作，修复后的墙面具有良好的稳定性和持久性，不会出现二次开裂的问题。这是防水抗渗补墙膏支装的施工教程，您可以参考一下https://cloud.video.taobao.com/vod/Cl6gq6r0MerRxQwN4YGkSIgdx2TxosUygKCd0AUFlWs.mp4
36,商品咨询与推荐,商品用量咨询,补墙膏用量需根据实际损伤面积和深度计算，小面积裂纹修复选择最小规格即可,腻子层修缮,"https://detail.tmall.com/item.htm?id=631617350390
家中有多处墙面裂纹要多少补墙膏？",您好！补墙膏用量需要根据裂纹的长度、宽度和深度来估算。一般来说，如果是几处长裂纹但不是很深的情况，最小面积规格的补墙膏就足够使用。补墙膏主要用于填补不平的地方，用量相对较少。建议您先评估裂纹的总体积，如果损伤面积不大，选择小规格产品即可，既经济又避免浪费。
37,商品咨询与推荐,商品选型,,腻子层修缮,"https://detail.tmall.com/item.htm?id=631617350390
天花板剥落选哪款补墙膏？",亲亲，天花板剥落推荐用立邦【超抗裂补墙膏】，粘接性更强，适合室内顶部开裂、反碱、起皮问题。商品链接您看看哈～https://detail.tmall.com/item.htm?id=631617350390&skuId=6060899030185
38,商品咨询与推荐,适用场景匹配,补墙膏可用于阳台墙角开裂修补，具有防水防潮防霉功能，适合潮湿环境使用,腻子层修缮,"https://detail.tmall.com/item.htm?id=631617350390
阳台墙角开裂可以用补墙膏修补吗？",亲亲您好，阳台墙角开裂可以使用补墙膏修补。这款补墙膏具有防水防潮防霉功能，非常适合阳台这类可能接触水汽的环境。施工时先清理裂缝处的松动部分，然后用补墙膏填平，干透后打磨，再涂刷补墙漆即可。修补后能有效防止水汽渗入，避免再次开裂。亲亲这是商品链接哦～喜欢就下单吧https://detail.tmall.com/item.htm?id=631617350390&skuId=5076161912206
39,商品咨询与推荐,商品使用方法,木蜡油已刷过的木材表面可以再刷一遍木蜡油进行养护，无需打磨，直接涂刷即可,木器修缮,"https://detail.tmall.com/item.htm?id=930406720078&skuId=5815032225565
已经刷过木蜡油的木材还能再刷一遍吗？",亲亲您好，已经刷过木蜡油的木材表面可以再刷一遍木蜡油进行养护。如果原来的木蜡油涂层状态良好，无需打磨，直接涂刷即可。木蜡油具有渗透性，能与原有涂层融合，起到加强保护的作用。定期补刷可以延长木材的使用寿命。
40,商品咨询与推荐,商品使用方法,旧家具翻新涂漆前需要对原有漆膜进行打磨处理，确保新漆附着力，这是木器漆施工的必要前置步骤,木器修缮,木器漆怎么用，怎么施工啊？,亲亲您好，使用水性木器漆翻新旧家具时，如果原来家具表面有漆膜，需要先进行打磨处理。打磨的目的是去除旧漆膜的光滑表面，增加新漆的附着力，确保翻新效果持久。建议使用砂纸将表面打磨至粗糙状态，清理干净灰尘后再进行涂刷。如果旧漆有起皮、脱落等问题，需要将问题区域彻底清除后再施工。这是水性木器漆详细的施工教程，您可以参考一下https://cloud.video.taobao.com/vod/2PfvMoOX5Z94IACrFhXJuFviwBXTj9fBoYAJFTek8jg.mp4
41,商品咨询与推荐,商品使用方法,木门改色需要先打磨底色，然后涂刷三遍面漆以达到最佳效果,木器修缮,木器漆给木门改色怎么施工？,您好！水性木器漆改色的正确施工步骤如下：1）表面处理：先对原有漆面进行轻度打磨，去除光泽层，增强附着力；2）清洁除尘：打磨后彻底清理表面灰尘；3）涂刷封闭剂：如果底色较深，建议先涂刷一遍封闭剂；4）涂刷木器漆：涂刷3遍木器漆，每遍之间需要充分干燥（一般2-4小时）；5）最终养护：完全干燥需要7天，期间避免重物碰撞。底色对最终效果有影响，深色改浅色需要增加涂刷遍数。这是水性木器漆详细的施工教程，您可以参考一下https://cloud.video.taobao.com/vod/2PfvMoOX5Z94IACrFhXJuFviwBXTj9fBoYAJFTek8jg.mp4
42,商品咨询与推荐,商品使用方法,已有漆膜的木质家具翻新需先打磨再涂刷，原木家具建议先刷封闭剂再上面漆,木器修缮,木质家具翻新涂木器漆前要做哪些准备？,亲亲您好，木质家具翻新涂刷水性木器漆前的准备工作取决于家具状态：1.如果是已有漆膜的家具，直接打磨后就能刷；2.如果是没处理过的原木，建议打磨后先刷一遍封闭剂再上面漆，这样更耐用。打磨的目的是增加新漆的附着力，确保翻新效果持久。这是水性木器漆详细的施工教程，您可以参考一下https://cloud.video.taobao.com/vod/2PfvMoOX5Z94IACrFhXJuFviwBXTj9fBoYAJFTek8jg.mp4
43,商品咨询与推荐,商品使用方法,,木器修缮,木器漆怎么用？有没有使用方法和教学视频？,邦友，木器漆施工视频来啦：http://cloud.video.taobao.com/play/u/null/p/1/e/6/t/1/426091496298.mp4，跟着步骤操作超简单~
44,商品咨询与推荐,商品使用方法,,木器修缮,木器漆是喷涂好还是滚涂好？,您好，这款木器漆建议滚涂使用哦~滚涂漆膜更均匀，操作也更简单呢，不建议喷涂哈。我们赠送滚刷、砂纸等工具，方便施工。
45,商品咨询与推荐,商品使用方法,,木器修缮,木器漆刷几遍比较好，每遍之间要隔多久？,邦友，木器漆建议涂刷3遍以上，浅色基材推荐刷2-3遍，深色基材挸3-4遍，效果更好。每遍的涂刷间隔4小时哦。
46,商品咨询与推荐,商品使用方法,,木器修缮,刷完封闭剂后，可以继续刷木器漆吗？,邦友，封闭剂需要涂刷1-2遍，间隔4小时左右，等干燥后就可以涂刷木器漆啦~
47,商品咨询与推荐,商品使用方法,,木器修缮,木器漆可以自己动手刷吗？,您好，这款木器漆涂刷方便，适合新手小白使用哦~很多客户都是独立涂刷完成的呢~施工视频您可以看下哦~http://cloud.video.taobao.com/play/u/null/p/1/e/6/t/1/426091496298.mp4
48,商品咨询与推荐,商品使用方法,,木器修缮,木器漆是否可以直接刷？,这款木器漆建议兑水使用哦~您使用前先打磨好底材，并兑0%-20%的水使用效果更好呢~施工视频您可以看下哦~http://cloud.video.taobao.com/play/u/null/p/1/e/6/t/1/426091496298.mp4
49,商品咨询与推荐,商品使用方法,,木器修缮,木器漆施工前需要打磨吗？,邦友，施工之前先用赠送的砂纸打磨基材，太光滑容易挂不住哦~
50,商品咨询与推荐,商品使用方法,,木器修缮,木器漆要搭配其他的产品吗,您好，建议搭配封闭剂使用效果会更好哦~封闭剂可以封闭异味、防潮、防渗黄、减缓有色物质渗出呢~https://detail.tmall.com/item.htm?id=684081098522&skuId=5781079545143
51,商品咨询与推荐,商品对比,水性木器漆适合室内木质家具改色翻新，水性木蜡油适合保留原木纹理的养护，根据需求选择,木器修缮,木器漆和木蜡油有什么区别？,您好，水性木器漆和水性木蜡油的主要区别在于效果和用途。木器漆遮盖力强，有多种颜色可选，适合需要改色或统一颜色的翻新场景。木蜡油是透明的，施工后保留木材原色和自然纹理，仅会加深木材颜色，适合想要展现木材天然美感的养护场景。简单来说：想改色选木器漆，想保留原木色选木蜡油。
52,商品咨询与推荐,商品属性咨询,水性木蜡油透明色都是亮光效果，没有哑光款，带颜色的木蜡油才有不同光泽选择,木器修缮,"https://detail.tmall.com/item.htm?id=930406720078&skuId=5815032225565
木蜡油透明色是亮光还是哑光？",亲亲您好，水性木蜡油都是亮光效果的，目前没有哑光款。如果您需要哑光效果，可以选择木器漆，木器漆涂刷后是半哑光的效果。木蜡油主要用于保留木材原色和自然纹理，起到增亮防水防晒防腐防霉的保护作用。
53,商品咨询与推荐,商品属性咨询,水性木蜡油为透明色产品，施工后保留木材原色和自然纹理，主要起防水防晒防腐防霉作用，不具备改色功能,木器修缮,"https://detail.tmall.com/item.htm?id=930406720078&skuId=5815032225565
水性木蜡油用了之后对木材外观有什么影响？",您好，水性木蜡油本身是透明色的，施工后能够保留木材的原色和自然纹理，呈现木材本身的色调，仅会加深当前木材颜色。它的主要功能是增亮、防水、防晒、防腐、防霉，为木材提供保护层，而不是改变木材颜色。如果您需要给木质家具改色翻新，建议选择水性木器漆，遮盖力更强，颜色选择也更丰富。
54,商品咨询与推荐,商品属性咨询,水性木蜡油适合户外或室内天然木色家具养护，保留原木纹理；室内木质家具改色翻新应选择水性木器漆,木器修缮,"https://detail.tmall.com/item.htm?id=930406720078&skuId=5815032225565
水性木蜡油适合室内还是室外使用？",亲亲您好，水性木蜡油室内外通用，适合需要保留天然木色的家具养护，能够保留木材原色和纹理。如果是木质家具需要改色翻新，更推荐使用水性木器漆，它的遮盖力强，颜色选择丰富，能轻松盖住旧色，实现更好的翻新效果。施工前需要先打磨处理。
55,商品咨询与推荐,商品属性咨询,封闭剂具有良好封闭性，可防止板材受潮变形、颜色上浮，是木器漆施工前的必要底层处理,木器修缮,"https://detail.tmall.com/item.htm?id=683458897631&skuId=5304378794192
板材封闭剂的作用是什么？",亲亲您好，板材封闭剂的主要作用包括：1.良好的封闭性，减少底材对漆膜的影响；2.防止板材和旧漆膜的颜色上浮；3.防止板材受潮、受污染、变形。建议在涂刷木器漆前，先用封闭剂对底材进行封闭处理，这样能提高木器漆的附着力和最终效果。
56,商品咨询与推荐,商品属性咨询,,木器修缮,封闭剂有甲醛和苯吗？,亲亲，立邦大部分涂料未添加甲醛、我们的产品送检都是检测不到甲醛，其它指标也都远远低于国家标准（国标要求为低于0.1mg/L），请您放心购买。[发送封闭剂检测报告图片]
57,商品咨询与推荐,商品属性咨询,水性木器漆提供免费调色服务，采用电脑控制比例工厂机器调色，到货即为所需颜色,木器修缮,木器漆的调色服务怎么弄？,您好！立邦水性木器漆提供专业的免费调色服务。调色流程如下：1）选择颜色：从色卡中选择您喜欢的颜色编号；2）下单备注：在订单中备注所选颜色编号；3）工厂调色：采用电脑控制比例，由工厂专业机器调配，确保颜色准确一致；4）直接发货：调好的颜色直接发出，到货就是您要的颜色，无需自己调配。色卡提供多种颜色选择，包括珍珠白、象牙白等常用色系。
58,商品咨询与推荐,商品属性咨询,木质材料涂装前需要打磨平整，确保涂料附着力，木蜡油和木器漆都需要这一前置步骤,木器修缮,木质家具涂刷木器漆前为什么要打磨？,您好，木质家具涂刷木器漆前需要先打磨平整。打磨的目的是去除表面毛刺和旧漆膜，增加新漆的附着力，确保涂刷效果更好更持久。如果不打磨直接涂刷，漆膜可能附着不牢，容易脱落。建议使用砂纸将表面打磨至粗糙状态，清理干净灰尘后再进行涂刷。
59,商品咨询与推荐,商品属性咨询,木蜡油主要功能是养护提亮木材，可防止木材老化开裂、光泽减退，保留木材本色,木器修缮,木蜡油的主要功能是什么？,亲亲您好，木蜡油的主要功能是养护提亮木材。它适用于木门、木桌、木柜等木质家具，可以有效防止木材老化开裂、光泽减退、脱皮掉漆等问题，增光增亮，凸显木材本色。
60,商品咨询与推荐,商品属性咨询,,木器修缮,木器漆能防潮防水防霉吗？,亲亲您好，木器漆本身有耐水性，可以保护木材和家具不发霉哦~
61,商品咨询与推荐,商品属性咨询,,木器修缮,木器漆有检测报告吗？是不是环保无害的？,咱们的木器漆是水性的，很环保，VOC和甲醛均是未检出的，对人体无害的哦~[发送木器漆检测报告]
62,商品咨询与推荐,商品属性咨询,,木器修缮,木器漆开封后怎么保存？,亲亲，木器漆开封后未兑水可重新密封保存，兑水后需 3 天内用完~
63,商品咨询与推荐,商品属性咨询,,木器修缮,刷了木器漆之后的家具可以擦洗吗,您好，使用木器漆上漆的家具可以用稀释的肥皂水轻微擦洗，但频繁或用力擦洗会逐渐破坏油膜哦~
64,商品咨询与推荐,商品属性咨询,,木器修缮,木器漆刷完多久能干？,您好，这款木器漆表干30分钟、实干3小时，24小时左右彻底干燥哦~建议您养护7天以上，期间尽量避免重压、磕碰哦~
65,商品咨询与推荐,商品属性咨询,,木器修缮,木器漆是用什么材质做的？家里有小孩老人能用吗？,木器漆采取丙烯酸乳胶材质制作，水性配方符合国家安全标准，具有美国 FDA 认证、欧盟玩具标准等认证，家里有小孩老人都可以放心使用的~
66,商品咨询与推荐,商品属性咨询,,木器修缮,木器漆的执行标准是什么？,木器漆的执行标准是GB 18581-2020哦~[发送木器漆检测报告]
67,商品咨询与推荐,商品属性咨询,,木器修缮,木器漆有几种规格？,邦友，这款木器漆有0.5kg、1kg、2.5kg三种规格可选哦，1kg及以上规格可免费调色哦~
68,商品咨询与推荐,商品属性咨询,,木器修缮,"https://detail.tmall.com/item.htm?id=684081098522
买木器漆会送哪些工具？","购买水性木器漆，会赠送实用工具包！助您轻松上手~（每个ID/1套）

赠品明细：4寸滚筒、3寸弹性丝刷一把、1.8cm*12m美纹纸一卷、400目11.5*13.5砂纸一张、一次性手套一副、2.5kg加赠一卷保护膜。"
69,商品咨询与推荐,商品属性咨询,,木器修缮,"https://detail.tmall.com/item.htm?id=684081098522
木器漆的生产日期在哪里看？是不是最近生产的？",我们的生产日期都显示在产品合格证上，销售的都是在保质期内的，一般都是最近几个月的哦~
70,商品咨询与推荐,商品属性咨询,,木器修缮,"https://detail.tmall.com/item.htm?id=684081098522
木器漆是否防滑？",您好，木器漆半哑光质感，整体不是更滑，但是不建议再经常踩踏的木质产品上施工哦~
71,商品咨询与推荐,商品属性咨询,,木器修缮,"https://detail.tmall.com/item.htm?id=684081098522
木器漆的VOC含量高吗？里面没什么有害物质吧？",甲醛是未检出的哈，立邦产品采用环保材质，安全无害，您可以放心使用~
72,商品咨询与推荐,商品属性咨询,,木器修缮,"https://detail.tmall.com/item.htm?id=684081098522
木器漆能耐高温吗？比如碰到热水或者短时间接触热的东西行不行？",您好，木器漆耐水、耐热性能较好，可用于瞬时或短时接触高温液体的场景，但并不适用于长期持续暴露在明火、烤箱或极高温度热源旁的环境。
73,商品咨询与推荐,商品属性咨询,,木器修缮,"https://detail.tmall.com/item.htm?id=684081098522
这款木器漆能用在哪些地方刷？",这款木器漆只要是木质的家具都可以用来改色涂刷哦。
74,商品咨询与推荐,商品属性咨询,,木器修缮,"https://detail.tmall.com/item.htm?id=684081098522
木器漆怎么选颜色比较好看？",邦友，我们整理了热门木器漆色彩搭配灵感，有不同风格的组合，您可以参考下哦https://s.tb.cn/c.0D6wqO
75,商品咨询与推荐,商品属性咨询,,木器修缮,"https://detail.tmall.com/item.htm?id=684081098522
木器漆的保质期是多久？",水性木器漆未拆封保质期是18个月哦~
76,商品咨询与推荐,商品属性咨询,,木器修缮,"https://detail.tmall.com/item.htm?id=684081098522
这款木器漆环保吗？家里有小孩和老人能用吗？",这款木器漆通过了美国FDA认证和欧盟玩具标准认证，符合国家安全标准，家里有小孩老人都可以放心使用哦~
77,商品咨询与推荐,商品属性咨询,,木器修缮,"https://detail.tmall.com/item.htm?id=684081098522
木器漆可以调色吗？","邦友，规格1Kg以上木器漆支持【免费调色】的~下单后联系人工客服备注色号哦~
点击查看色卡：【https://s.tb.cn/c.0wCNHz】"
78,商品咨询与推荐,商品属性咨询,,木器修缮,"https://detail.tmall.com/item.htm?id=684081098522
刷了木器漆多久能入住？",这款木器漆即刷即住不影响入住时间哦~建议您涂刷后自然风干，干燥后基本无味，通风即可~，但是为了漆膜达到最佳性能，建议进行7天的漆膜保养，之后再使用。
79,商品咨询与推荐,商品属性咨询,,木器修缮,"https://detail.tmall.com/item.htm?id=684081098522
木器漆有什么功效和功能？",这款木器漆主要用于木质家具、柜子等的翻新改色哦~它防晒耐干热，能有效耐黄变耐污，遮盖力也很不错呢~
80,商品咨询与推荐,商品属性咨询,,木器修缮,"https://detail.tmall.com/item.htm?id=684081098522
木器漆的光泽是哑光还是亮光的？",邦友，木器漆光泽是半哑光的~ 颜色上，不会像亮光那样反射过多的光线导致眩光，也不会像哑光那样显得过于沉闷哦~
81,商品咨询与推荐,商品效果预期,,木器修缮,"https://detail.tmall.com/item.htm?id=684081098522
这款木器漆时间久了会不会变色或者有色差？",亲亲～木器漆在正常使用和施工规范的情况下不会短期内变色或产生明显色差。但若长期处于强紫外线照射、潮湿环境，或不同批次、不同施工次数未充分搅拌、间隔时间过长施工，可能会出现轻微色差或泛黄现象。建议施工前充分搅拌、同一面尽量使用同批次产品，并避免长期暴晒和受潮，可有效降低变色和色差风险。
82,商品咨询与推荐,商品效果预期,,木器修缮,"https://detail.tmall.com/item.htm?id=684081098522
木器漆覆盖效果好吗？",高遮盖的哦，这款具有出色的遮盖及防黄抗污能力，环保无异味。如果底材颜色比较深，也可以刷3-4遍，效果更好。
83,商品咨询与推荐,商品用量咨询,,木器修缮,"https://detail.tmall.com/item.htm?id=684081098522
一公斤木器漆刷多少平方？",亲亲，1kg可以涂刷5-6平米左右的，木器漆色卡您看下哈~https://s.tb.cn/c.0wCNHz
84,商品咨询与推荐,商品用量咨询,,木器修缮,"https://detail.tmall.com/item.htm?id=684081098522
木器漆一桶能刷多大面积？",邦友，一桶0.5kg的木器漆大概可以施工5-6 平方左右（1 遍），一桶1kg的木器漆大概可以施工10-12 平方左右（1 遍），具体用量可以根据您的施工面积选择哦~浅色基材可以少刷几遍，深色基材要多刷几遍色彩更鲜艳。
85,商品咨询与推荐,商品选型,原木家具涂装选择木蜡油可保留原木纹理，选择木器漆可改色翻新，根据最终效果需求选择产品类型,木器修缮,"https://detail.tmall.com/item.htm?id=684081098522
原木窗户刷透明漆选木蜡油还是木器漆？",亲亲您好，原木窗户如果只是想养护保留原木色，可以选择透明色的木蜡油，能保留木材原色和自然纹理。如果需要改色或增加漆膜保护，可以选择水性木器漆，也有透明色可选。两者区别在于：木蜡油渗透型养护，保留木材质感；木器漆成膜型保护，漆膜更硬更耐磨。施工前都需要先打磨平整，这样出来的效果会好很多。
86,商品咨询与推荐,商品选型,原木柜子改色翻新可以使用水性木器漆，遮盖力强，颜色选择丰富，能轻松盖住旧色,木器修缮,"https://detail.tmall.com/item.htm?id=684081098522
原木柜子想要改颜色选木器漆吗？",亲亲您好，原木柜子改色翻新建议使用水性木器漆。它的遮盖力强，颜色选择丰富，能轻松盖住旧色，实现更好的翻新效果。如果原柜子表面有漆膜，施工前需要先打磨处理，增加新漆的附着力。水性木器漆环保无异味，室内使用更安心。
87,商品咨询与推荐,商品选型,保留原木色选择透明款水性木器漆，能透出木纹质感，耐干热又耐水,木器修缮,想保留原木色应该选什么木器漆？,亲亲您好，想保留原木色就选透明款的水性木器漆，能透出木纹质感，耐干热又耐水。透明款可以展现木材的天然美感和纹理，同时提供保护层。如果需要改色，则选择有色款。
88,商品咨询与推荐,商品选型,原木家具保留自然纹理选择透明木蜡油，需要改色或遮盖旧色选择有色木器漆，根据最终效果需求选择产品类型,木器修缮,原木家具涂装选木蜡油还是木器漆？,亲亲您好，原木家具涂装产品的选择取决于您想要的最终效果。木蜡油是透明的，施工后保留木材原色和自然纹理，适合想要展现木材天然美感的情况。木器漆则有多种颜色可选，遮盖力强，适合需要改色或遮盖旧色的翻新场景。简单来说：想保留原木色选木蜡油，想改色或统一颜色选木器漆。
89,商品咨询与推荐,适用场景匹配,水性木器漆适合刷书桌等木质家具，净味环保干得快，有划痕的家具需先打磨再涂刷,木器修缮,木器漆可以用来刷书桌吗？,亲亲您好，水性木器漆可以用来刷书桌这类木质家具，净味环保，刷完干得快。如果书桌有划痕和笔迹，先用砂纸轻轻打磨一下划痕处，笔迹也能一并处理掉，之后直接刷漆就行。这款漆遮盖力强，能有效覆盖瑕疵。
90,商品咨询与推荐,商品使用方法,乳胶漆调色需要在下单后备注调色信息，包括产品名称、规格、色号编码、色号名称和调色数量，调色产品为私人订制不支持退换,面漆,乳胶漆调色怎么弄啊？,您好，乳胶漆调色需要注意以下几点：1.下单后需联系客服备注调色信息，包括产品名称+规格+色号编码+色号名称+调色数量；2.不备注默认发白漆不调色；3.调色是一桶一色，机器调色后发货，不单独发色浆；4.由于屏幕分辨率、光线、兑水比例等因素，可能存在轻微色差；
91,商品咨询与推荐,商品使用方法,乳胶漆施工建议面漆搭配底漆使用，底漆能增强面漆附着力和遮盖效果，套装通常包含2桶面漆和1桶底漆,面漆,乳胶漆施工要搭配底漆使用吗？,您好，乳胶漆施工建议面漆搭配底漆使用，效果更好。底漆的主要作用是：1.增强面漆的附着力，使涂层更牢固；2.封闭墙面基层，防止碱性物质渗出影响面漆；3.提高面漆的遮盖效果，使颜色更均匀饱满。如果只购买面漆，建议另外搭配底漆。套装产品一般包含2桶面漆和1桶底漆，底漆不需要调色。这是乳胶漆的施工教程视频，您可以参考哦https://cloud.video.taobao.com/vod/Z2UBvKg9h9t6GSNelxr8bYsc-Oc-3qTy1p7y_x9f8LU.mp4
92,商品咨询与推荐,商品用量咨询,,面漆,面漆用量怎么算啊？,亲亲，面漆用量一般涂刷面积来计算。这款立邦面漆通常每升可刷约 10–12㎡（一遍），实际施工一般需要刷 2 遍。[发送面漆用量推荐图片]
93,商品咨询与推荐,商品对比,,面漆,"https://detail.tmall.com/item.htm?id=656929593704
八合一面漆有什么区别",亲亲，八合一面漆的区别主要在功能侧重点。整体基础性能相同，都具备耐擦洗、抗菌、防霉等功能；不同系列主要差在抗污能力和甲醛净化能力：偏抗污、好打理的更适合日常居住；主打抗甲醛、空气净化的更适合新装修或对环保要求高的家庭，可根据自身需求选择即可。[发送八合一面漆商品对比图]
94,商品咨询与推荐,商品对比,,面漆,"https://detail.tmall.com/item.htm?id=600814453130
五合一面漆有什么区别？",亲亲，五合一面漆不同系列主要强化的功能不一样：有的更侧重抗污、好打理，适合日常居住；有的主打抗甲醛、空气净化，更适合新装修或对环保要求高的家庭；还有的在防霉、防潮方面表现更突出，适合潮湿环境。可以根据家里实际需求和使用场景来选择即可。[发送五合一面漆商品对比图]
95,商品咨询与推荐,商品属性咨询,,面漆,"https://detail.tmall.com/item.htm?id=656929593704
不同产品系列的调色有什么区别？",亲亲您好，线上乳胶漆面漆调色支持立邦色卡中色号结尾为-4的颜色。如果您选择Color 1988系列产品，则可以调-1/-2/-3/-4的所有颜色，调色范围更广。建议您先确认想要的颜色色号是否在可调范围内，再进行下单。另外，底漆不调色，如购买套装一般为2桶面漆+1桶底漆，需确认备注清楚调色桶数。
96,商品咨询与推荐,商品属性咨询,乳胶漆线上调色支持立邦色卡中色号结尾为-4的颜色，Color 1988系列可调-1/-2/-3/-4的所有颜色,面漆,"https://detail.tmall.com/item.htm?id=656929593704
乳胶漆线上调色支持哪些颜色？",亲亲您好，线上乳胶漆面漆调色支持立邦色卡中色号结尾为-4的颜色。如果您选择Color 1988系列产品，则可以调-1/-2/-3/-4的所有颜色，调色范围更广。建议您先确认想要的颜色色号是否在可调范围内，再进行下单。另外，底漆不调色，如购买套装一般为2桶面漆+1桶底漆，需确认备注清楚调色桶数。
97,商品咨询与推荐,商品效果预期,乳胶漆刷完后通风干燥即可入住，净味环保产品干燥快，无需长时间等待,面漆,"https://detail.tmall.com/item.htm?id=656929593704
内墙乳胶漆刷完多久可以住？",亲亲您好，我们的内墙乳胶漆是净味环保产品，刷完后通风干燥即可入住。产品VOC低于国家标准，甲醛未检出，可以放心使用。一般情况下，漆膜需要7天的时间才能达到最佳性能，建议在漆膜达到最佳性能后再入住。
98,商品咨询与推荐,适用场景匹配,,面漆,"https://detail.tmall.com/item.htm?id=45704449463
面漆可以涂儿童房吗？",亲亲可以的，咱们家有专门的儿童面漆，您可以看看哦～https://detail.tmall.com/item.htm?id=45704449463
99,商品咨询与推荐,商品选型,墙面翻新大面积涂刷推荐荷净抗甲醛全效或云净儿童漆，环保耐用适合家庭使用,面漆,"https://detail.tmall.com/item.htm?id=45704449463
墙面大面积翻新选哪款乳胶漆？家里有小孩",您好，墙面翻新大面积涂刷推荐荷净抗甲醛全效或云净儿童漆。这两款都是环保耐用的产品，适合家庭使用。如果家里有小孩或对甲醛比较在意，建议选择云净儿童漆，环保等级更高，更适合儿童房使用。这是商品链接哦～https://detail.tmall.com/item.htm?id=45704449463&skuId=5930767314582
100,商品咨询与推荐,商品使用方法,,免砸砖,"https://detail.tmall.com/item.htm?id=625940120948
免砸砖防水修复是用喷涂还是滚涂？",免砸砖不支持喷涂的哈，需要用刷子刷涂，我们是有搭配的刷子
101,商品咨询与推荐,商品使用方法,,免砸砖,"https://detail.tmall.com/item.htm?id=625940120948
免砸砖涂料怎么用啊？",亲亲您好，施工时需要注意：1.先清洁瓷砖表面，保持干燥施工；2.涂刷后等待干透再使用卫生间；3.这款产品防水效果可保持8-12年左右。适用于淋浴间、厕所等瓷砖区域的防水处理。聚脲款免砸砖施工教程您可以参考哦～https://cloud.video.taobao.com/vod/xV9C4T8ziNDUBtHwXr-2pdwPwPTaox-rBUujgEAcwek.mp4
102,商品咨询与推荐,商品使用方法,,免砸砖,"https://detail.tmall.com/item.htm?id=625940120948
免砸砖施工后需要注意些什么？",亲亲，施工完后静置24小时以上，待其干透。干燥期间保持通风，禁止踩踏磕碰
103,商品咨询与推荐,商品使用方法,,免砸砖,"https://detail.tmall.com/item.htm?id=625940120948
免砸砖怎么用？是不是只刷瓷砖缝就行？",亲亲，免砸砖涂刷时建议瓷砖表面连瓷砖缝隙都要涂刷到位哦~单单涂刷缝隙无法达到良好的防水效果哦~如果只刷瓷砖缝后期也容易起皮脱落。
104,商品咨询与推荐,商品使用方法,,免砸砖,"https://detail.tmall.com/item.htm?id=625940120948
免砸砖是否需要找平，要涂多厚",亲亲，免砸砖具有自流平的功能，但是不建议作为专业找平的涂料。免砸砖合适用于室内瓷砖地面的防水修补，施工厚度在0.2毫米左右，并无厚度的严格要求。但是过厚的涂层情况可能不容易干燥哦~
105,商品咨询与推荐,商品使用方法,,免砸砖,"https://detail.tmall.com/item.htm?id=625940120948
免砸砖防水修复涂完塑钢泥后，能马上继续刷另一个商品吗？",亲，建议塑钢泥完全固化后再使用这款防水胶哦，一般需要等待24小时以上呢~
106,商品咨询与推荐,商品使用方法,,免砸砖,"https://detail.tmall.com/item.htm?id=625940120948
免砸砖涂刷时，是不是只刷瓷砖缝隙就可以了？",亲亲，免砸砖涂刷时建议瓷砖表面连瓷砖缝隙都要涂刷到位哦~单单涂刷缝隙无法达到良好的防水效果哦，如果缝隙过大或者美缝脱落，需要先修补缝隙后再涂刷呢
107,商品咨询与推荐,商品使用方法,,免砸砖,"https://detail.tmall.com/item.htm?id=625940120948
免砸砖防水修复施工对温度有什么要求？",一般施工的天气温度不要低于5度，不要高于35度；阴雨天不要施工；施工湿度不要超过85%。
108,商品咨询与推荐,商品对比,,免砸砖,"https://detail.tmall.com/item.htm?id=625940120948
免砸砖防水修复有哪几种类型，它们之间有什么区别？","免砸砖防水（室内基础款）：亮光质感，适用于瓷砖、大理石地面。适合室内无阳光直射的厨房，卫生间，淋浴间，阳光直射易黄变。[发送免砸砖商品对比图]

聚脲免砸砖防水：仅瓷砖地面使用。亮光质感，可以用于阳光直射的位置，如阳台，卫生间，室外瓷砖地面，具有耐腐蚀效果

单组份免砸砖防水（强烈推荐）：哑光质感，瓷砖地面室内外通用，无需混合，可用于泳池，池塘这些长期泡水环境。耐腐蚀耐酸碱。
~[发送免砸砖商品对比图]"
109,商品咨询与推荐,商品属性咨询,,免砸砖,"https://detail.tmall.com/item.htm?id=625940120948
免砸砖能调色吗？会不会改变瓷砖原来的颜色？",亲亲，免砸砖都是透明色的哦，不会影响瓷砖本身的颜色呢~
110,商品咨询与推荐,商品属性咨询,,免砸砖,"https://detail.tmall.com/item.htm?id=625940120948
免砸砖防水做完多久能入住？",亲亲，施工完后静置24小时以上，待其干透。干燥期间保持通风，不要踩踏磕碰，干燥后就可以正常使用啦~
111,商品咨询与推荐,商品属性咨询,,免砸砖,"https://detail.tmall.com/item.htm?id=625940120948
单组分免砸砖是什么材料啊",原料为新型高分子材料，非丙烯酸
112,商品咨询与推荐,商品属性咨询,,免砸砖,"https://detail.tmall.com/item.htm?id=625940120948
免砸砖防水修复环保吗？",亲亲，这款是安全环保的哦~立邦严格按照国家标准生产，指标都远低于国家标准，您和家人可以放心使用呢~
113,商品咨询与推荐,商品属性咨询,,免砸砖,"https://detail.tmall.com/item.htm?id=625940120948
免砸砖防水修复能耐高温吗？",邦友，免砸砖耐高温60℃，抗低温-20℃，淋浴房等温度变化比较频繁的区域也是坚固耐用的，放心购买哦~
114,商品咨询与推荐,商品属性咨询,免砸砖防水涂料适用于瓷砖地面防水，不适用于水泥地面直接涂刷,免砸砖,"https://detail.tmall.com/item.htm?id=625940120948
免砸砖涂料可以直接涂水泥地吗？",亲亲您好，免砸砖防水涂料主要适用于瓷砖地面的防水处理，适合卫生间、阳台等已铺贴瓷砖的区域。这款产品不建议直接涂在水泥地面上。如果是水泥地面需要防水，建议选择屋顶防水胶等专门针对水泥基面设计的防水产品，效果更好。
115,商品咨询与推荐,商品属性咨询,免砸砖防水涂料适用于室内厨房、卫生间等瓷砖地面防水，可处理地砖缝隙渗水或局部漏水点,免砸砖,"https://detail.tmall.com/item.htm?id=625940120948
免砸砖防水涂料可以用哪些地方？",亲亲您好，免砸砖防水涂料主要适用于室内厨房、卫生间等瓷砖地面的防水处理。可以解决地砖缝隙渗水或局部漏水点问题。卫生间地面使用基础款免砸砖就能满足防水需求，涂一遍干透后即可有效防渗水。施工简单，无需砸砖，自己动手就能完成。
116,商品咨询与推荐,商品属性咨询,免砸砖防水涂料化学成分主要是环氧树脂+固化剂，无色透明、安全环保、不透水、浸水不发白、耐污耐磨损,免砸砖,"https://detail.tmall.com/item.htm?id=625940120948
免砸砖涂料的有哪些成分？",亲亲您好，双组份免砸砖防水涂料的化学成分主要是环氧树脂+固化剂，具有以下特性：无色透明、安全环保、不透水性好、浸水不发白、耐污耐磨损。无需砸砖修补，可以直接涂刷在瓷砖表面，解决室内厨房、卫生间等瓷砖地面的防水问题，施工简单方便。
117,商品咨询与推荐,商品属性咨询,,免砸砖,"https://detail.tmall.com/item.htm?id=625940120948&skuId=5966617318364
聚脲免砸砖是单组份吗？",聚脲免砸砖是AB双组份天冬聚脲树脂+固化剂。使用时需要将AB组分充分搅拌均匀后，刷在地面。
118,商品咨询与推荐,商品属性咨询,,免砸砖,"https://detail.tmall.com/item.htm?id=625940120948
免砸砖防水涂料会改变瓷砖的颜色吗？",亲亲，免砸砖都是透明色的哦，不会影响瓷砖本身的颜色呢~
119,商品咨询与推荐,商品属性咨询,,免砸砖,"https://detail.tmall.com/item.htm?id=625940120948
免砸砖做完要等多久才能干？",亲亲，免砸砖施工后需要静置24-48小时干燥哦，干燥后就可以正常使用啦~
120,商品咨询与推荐,商品属性咨询,,免砸砖,"https://detail.tmall.com/item.htm?id=625940120948&skuId=5967860619077
单组分免砸砖开封后保质期多久？","单组分免砸砖开封后半年内都可以使用。也可分次使用，请按照以下方法操作确保最佳效果。
1、开封后处理：开封使用后，请将瓶内因接触空气而形成的固化薄膜完整挑出，瓶内剩余产品可继续正常使用。
2、密封保存： 务必将瓶盖拧紧，以防产品与空气接触而固化。
3、使用期限：为确保最佳性能，建议您在开封后半年内使用完毕。"
121,商品咨询与推荐,商品属性咨询,,免砸砖,"https://detail.tmall.com/item.htm?id=625940120948
免砸砖的防滑性能怎么样？",亲亲，免砸砖是具有一定优秀防滑能力的，但是涂刷时需要瓷砖缝连带瓷砖面通刷哦~单刷瓷砖缝效果可能不会很好哦~
122,商品咨询与推荐,商品属性咨询,,免砸砖,"https://detail.tmall.com/item.htm?id=625940120948
免砸砖适用在哪些材质上？",亲亲，免砸砖合适用于室内地面瓷砖表面的防水修补，常见瓷砖例如抛光砖、玻化砖、釉面砖、通体砖、瓷质砖、马赛克等都可以用的。目前不适用于墙面、大理石表面及长期阳光直射的室外区域，也不适用于木材或者金属表面。请问您是需要在哪个位置坐防水呢，是厨房卫生间，还是其他位置呀？
123,商品咨询与推荐,商品属性咨询,,免砸砖,"https://detail.tmall.com/item.htm?id=625940120948
免砸砖防水能和瓷砖漆搭配使用吗？",免砸砖防水也是需要施工瓷砖表面哈，有漆面附着效果不好呢，暂时不支持搭配瓷砖漆使用哦
124,商品咨询与推荐,商品属性咨询,,免砸砖,"https://detail.tmall.com/item.htm?id=625940120948
免砸砖涂料的材料耐擦洗吗？日常清洁会不会容易坏？",亲，免砸砖防水干燥成膜后坚固耐用，通过48h刮花测试，耐擦洗性很好哦，日常清洁完全没问题，防水层不易磨薄，不会刮破~
125,商品咨询与推荐,商品属性咨询,,免砸砖,"https://detail.tmall.com/item.htm?id=625940120948
免砸砖防水修复的保质期是多久？",亲，未开封情况下保质期为12个月，请存放在阴凉干燥处哦~
126,商品咨询与推荐,商品属性咨询,,免砸砖,"https://detail.tmall.com/item.htm?id=625940120948
免砸砖涂料VOC含量高吗？里面应该没什么有害物质吧？",亲亲，我们的产品都是采用的环保材质，甲醛含量远低于国家标准（0.1mg/L），都是未检出的哈，确保安全无害哦~
127,商品咨询与推荐,商品属性咨询,,免砸砖,"https://detail.tmall.com/item.htm?id=625940120948&skuId=5967860619077
单组分免砸砖和其他款比起来有什么优点？",亲亲，单组份免砸砖开盖即用，使用起来会更加方便快捷，耐磨防滑，高硬度，耐腐蚀，适合室内高湿区的瓷砖地面。[发送免砸砖商品对比图]
128,商品咨询与推荐,商品属性咨询,,免砸砖,"https://detail.tmall.com/item.htm?id=625940120948
免砸砖商品有什么功能？",免砸砖防水主要功能有：直接刷在瓷砖表面，无需砸砖；高抗渗压力，有效解决漏水问题；晶透成膜，透明不改变瓷砖外观；耐腐蚀、耐磨损、防滑；绿色环保，VOC未检出，室内安心使用。单组分款开盖即用，无需搅拌，适合新手；聚脲款耐黄变、抗紫外线，适用于阳光照射区域；环氧款粘结力强，价格也更便宜。~[发送免砸砖商品对比图]
129,商品咨询与推荐,商品属性咨询,,免砸砖,"https://detail.tmall.com/item.htm?id=625940120948
免砸砖防水修复的商品日期是近期的吗？",您好，生产日期都是近期的哦，未拆封保质期12个月放心购买
130,商品咨询与推荐,商品效果预期,,免砸砖,免砸砖防水修复用后会有色差吗？时间久了容易褪色或变黄吗？,可以选择聚脲免砸砖防水，是透明色，耐候性强，不易变黄，是通过耐人工气候加速老化实验的哦[发送免砸砖商品对比图]
131,商品咨询与推荐,商品效果预期,,免砸砖,免砸砖防水修复做完后表面是哑光还是亮光的？,亲亲，单组分是哑光的，聚脲和透明防水是亮光的呢。[发送免砸砖商品对比图]
132,商品咨询与推荐,商品效果预期,免砸砖防水涂料的防水效果可保持8-12年，是长效防水解决方案,免砸砖,免砸砖防水效果能保持多久？,亲亲您好，免砸砖防水涂料的防水效果可以保持8-12年左右。这款产品采用双组分环氧配方，固化后形成坚固的防水层，耐久性好。施工时需要保持基面干燥清洁，按照正确方法施工才能达到最佳效果。这个施工教程您可以参考哦～https://cloud.video.taobao.com/vod/xV9C4T8ziNDUBtHwXr-2pdwPwPTaox-rBUujgEAcwek.mp4
133,商品咨询与推荐,商品效果预期,免砸砖防水涂料聚脲款和单组分款做了耐黄变升级，单组分款无惧日晒雨淋，长期泡水也不易发黄,免砸砖,免砸砖防水涂料会变黄吗？,亲亲您好，免砸砖防水涂料的聚脲款和单组分款都做了耐黄变升级。特别是单组分款，无惧日晒雨淋，长期泡水也不易发黄，适合对耐久性要求高的场景。如果是室内厨卫地面，基础款也能满足防水需求；如果是阳台、庭院等阳光常照的地方，建议选择单组分款。
134,商品咨询与推荐,商品效果预期,,免砸砖,免砸砖干了之后硬不硬？,亲亲，免砸砖干透后硬度表现优秀，尤其是单组分免砸砖防水，是通过48小时刮划测试，防水层具备6倍硬度，抗压耐磨，日常放心清洁打扫，防水层不易被磨损刮破的。
135,商品咨询与推荐,商品效果预期,,免砸砖,免砸砖防水修复做完后如果起皮脱落，有售后保障吗？,亲亲，正常施工且非人为损坏是不会脱落起皮的哦~如因产品质量问题，我们提供售后保障，请放心选购呢~
136,商品咨询与推荐,商品效果预期,,免砸砖,免砸砖效果怎么样？能用在室外吗？,亲亲，单组分和聚脲免砸砖都可以用在室外的哦。防水效果很哈，可长期浸水，这两款耐黄变性能优异，适合室外的瓷砖地面。~[发送免砸砖商品对比图]
137,商品咨询与推荐,商品用量咨询,免砸砖防水涂料一桶300g可涂刷约1-1.5㎡（约0.2mm厚），用量需根据实际面积计算,免砸砖,免砸砖涂料一桶能涂刷多少面积？,亲亲您好，免砸砖防水涂料一桶300g大约可以涂刷1-1.5平方米的面积，涂刷厚度约0.2mm。用量计算时需要先测量需要防水处理的实际面积，然后除以单桶涂刷面积得出所需桶数。建议适当预留冗余量，确保涂刷均匀、覆盖完整。
138,商品咨询与推荐,商品用量咨询,,免砸砖,免砸砖防水修复一罐有多少克？能刷多大面积？,免砸砖防水是300g/罐，一罐可涂刷约1~1.5㎡
139,商品咨询与推荐,适用场景匹配,卫生间瓷砖防水需要选择免砸砖防水涂料，施工前需保持基面干燥清洁，干透后才能正常使用卫生间,免砸砖,卫生间漏水可以用免砸砖防水涂料修复吗？,亲亲您好，卫生间瓷砖漏水可以使用免砸砖防水涂料修复。施工时需要注意：1.先清洁瓷砖表面，保持干燥施工；2.涂刷后等待干透再使用卫生间；3.这款产品防水效果可保持8-12年左右。适用于淋浴间、厕所等瓷砖区域的防水处理。
140,商品咨询与推荐,适用场景匹配,,免砸砖,免砸砖可以刷墙面吗？,亲亲，免砸砖只能用于瓷砖地面，不建议用于墙面，因为瓷砖墙面施工容易发生流挂，影响成膜效果。它主要适用于光照不强的室内瓷砖地面，如厨房、卫生间地砖。如果需要做瓷砖墙面防水可以使用外墙透明防水材料。商品链接是：https://detail.tmall.com/item.htm?id=608673984488&skuId=4280914353850
141,商品咨询与推荐,适用场景匹配,,免砸砖,免砸砖防水修复能用在刷了乳胶漆的墙面上吗？,亲亲，目前没有适用于乳胶漆上面的防水涂料呢~线上的都是基层防水和瓷砖防水的哦
142,商品咨询与推荐,适用场景匹配,,免砸砖,免砸砖是否可刷大理石上面？,亲亲您好，普通款免砸砖透明防水，聚脲免砸砖和单组分免砸砖均不推荐用于大理石表面。
143,商品咨询与推荐,商品对比,,免钉粘接,免钉胶和玻璃胶有什么区别？,亲亲您好，两者区别：1.免钉胶主要用于粘接固定，粘结力可达290KG/10cm²，适合踢脚线、置物架等需要牢固粘接的场景；2.玻璃胶主要用于密封填缝，粘接力相对较弱，更适合门窗、卫浴等位置的密封。
144,商品咨询与推荐,商品属性咨询,,免钉粘接,免钉胶能粘哪些东西？哪些材质？,亲亲您好，免钉胶适用于五金挂件、玻璃镜子、亚克力板、瓷砖、家具、家装材料等粘结，常用于挂件、置物架、踢脚线、门套、线条、装饰板的固定。
145,商品咨询与推荐,商品属性咨询,,免钉粘接,免钉胶开封后，用不完，放多久会干呀？,亲亲，免钉胶开封后建议一次性使用完毕，未使用完的需要密封保存，如果重新使用已经固化则无法使用~
146,商品咨询与推荐,商品属性咨询,,免钉粘接,免钉胶的承重是多少？,亲亲您好，免钉胶具有防水防潮特性，粘接牢固，粘结力可达290KG/10cm²，非常适合门档、挂钩等五金件的墙面固定。
147,商品咨询与推荐,商品用量咨询,免钉胶100g规格约可施工4-5米长度，用量计算需根据实际施工长度估算,免钉粘接,免钉胶的用量怎么算？,亲亲您好，免钉胶用量计算方法：测量需要粘接的总长度，除以单支施工长度，得出所需支数。100g免钉胶大概可以施工2m左右，施工时不需要挤满整条，采用点状或S形涂胶即可，既节省用量又能保证粘接效果。建议适当预留冗余，避免中途不够用。
148,商品咨询与推荐,商品使用方法,,免钉粘接,免钉胶怎么用啊？,亲亲，免钉胶使用步骤：1.清洁基面：先把墙面和粘贴物表面的灰尘、油污、水分清理干净，保持干燥。2.打胶：在物品背面点涂或条状打胶（中间多、边缘少即可）。3.按压定位：将物品贴到墙面，用力按压并调整位置，一般 10 秒内可以微调。4.静置固化：固定好后静置，轻物 10 秒即可初步固定，较重物品建议用胶带或支撑物辅助 24 小时。5.完全使用：完全固化后即可正常承重使用。这是免钉胶的施工教程，您可以参考一下https://cloud.video.taobao.com/vod/r2zC16iD0XhkWoyZoiA2mrF9UGmwpQH-AU35e4R_XvU.mp4
149,商品咨询与推荐,商品使用方法,,免钉粘接,"https://detail.tmall.com/item.htm?id=674545106798&skuId=5897178458901
怎么施工免钉胶？",亲亲，免钉胶使用步骤：1.清洁基面：先把墙面和粘贴物表面的灰尘、油污、水分清理干净，保持干燥。2.打胶：在物品背面点涂或条状打胶（中间多、边缘少即可）。3.按压定位：将物品贴到墙面，用力按压并调整位置，一般 10 秒内可以微调。4.静置固化：固定好后静置，轻物 10 秒即可初步固定，较重物品建议用胶带或支撑物辅助 24 小时。5.完全使用：完全固化后即可正常承重使用。这是免钉胶的施工教程，您可以参考一下https://cloud.video.taobao.com/vod/r2zC16iD0XhkWoyZoiA2mrF9UGmwpQH-AU35e4R_XvU.mp4
150,商品咨询与推荐,商品效果预期,,免钉粘接,"https://detail.tmall.com/item.htm?id=674545106798&skuId=5897178458901
免钉胶用了多久能撕掉铺助帖？",亲亲您好，一般贴好后静置约 24 小时，等免钉胶基本固化、物品稳固后，就可以撕掉辅助贴了。如果是较重物品或环境偏潮湿，建议适当延长到 36 小时左右，更稳妥。
151,商品咨询与推荐,商品效果预期,,免钉粘接,"https://detail.tmall.com/item.htm?id=674545106798&skuId=5897178458901
免钉胶弄墙上会留痕迹吗？","亲亲，一般来说，是否留痕和墙面材质、拆除方式有关。
 在瓷砖、玻璃、不锈钢等光滑墙面上，按正确方法拆除，基本不留痕迹哦～"
152,商品咨询与推荐,适用场景匹配,,免钉粘接,"https://detail.tmall.com/item.htm?id=674545106798&skuId=5897178458901
免钉胶可以粘木板吗？",亲亲，可以的，免钉胶适用于多种材质粘结，包括木板、铝合金、玻璃、瓷砖、亚克力、不锈钢等。使用前建议将粘贴面清理干净并保持干燥，粘贴后按压固定，静置 24 小时以上再承重，粘结效果会更稳固。
153,商品咨询与推荐,适用场景匹配,,免钉粘接,"https://detail.tmall.com/item.htm?id=674545106798&skuId=5897178458901
免钉胶可以粘铝合金吗？",亲亲，可以的，免钉胶适用于多种材质粘结，包括木板、铝合金、玻璃、瓷砖、亚克力、不锈钢等。使用前建议将粘贴面清理干净并保持干燥，粘贴后按压固定，静置 24 小时以上再承重，粘结效果会更稳固。
154,商品咨询与推荐,商品选型,粘接木质踢脚线建议使用免钉胶而非玻璃胶，免钉胶粘接性能更好，承重能力强（约20斤），更适合需要牢固粘接的场景,免钉粘接,"https://detail.tmall.com/item.htm?id=674545106798&skuId=5897178458901
粘木质踢脚线选哪种胶？",亲亲您好，粘接木质踢脚线建议使用免钉胶，粘接性能比玻璃胶更好。
155,商品咨询与推荐,商品选型,免钉胶适合粘接门档等五金件，具有防水防潮特性，承重能力约10KG，适用于墙面固定场景,免钉粘接,"https://detail.tmall.com/item.htm?id=674545106798&skuId=5897178458901
墙面门档脱落用哪种胶？",亲亲您好，墙面门档脱落可以使用免钉胶进行粘接修复。免钉胶具有防水防潮特性，粘接牢固，粘结力可达290KG/10cm²，非常适合门档、挂钩等五金件的墙面固定。50g规格的免钉胶基本一支就够用。需要注意的是，如果是乳胶漆墙面，免钉胶承重时可能会把漆膜扯下来，建议在瓷砖或其他坚固表面使用效果更好。
156,商品咨询与推荐,商品使用方法,美缝剂施工后需要6-8小时干燥才能铲除废料，冬天干燥时间会更长,美缝剂,"https://detail.tmall.com/item.htm?id=653801641911
美缝剂施工多久后可以铲除多余的废料？",亲亲您好！美缝剂施工后大概需要6-12小时干燥才可以铲除废料。具体时间会受环境温度影响：1）常温环境（20-25℃）：通常6-12小时即可表面干燥；2）冬天低温环境：干燥时间会延长，可能需要12-24小时甚至更久；3）夏天高温环境：干燥速度会加快。建议您用手轻触美缝剂表面，如果不粘手且有一定硬度就可以开始清理了。过早铲除可能会破坏美缝效果，过晚铲除则会增加清理难度。
157,商品咨询与推荐,商品使用方法,,美缝剂,"https://detail.tmall.com/item.htm?id=653801641911
美缝剂用完需要多久不能碰水？",亲亲，施工完成后，前48小时内不要碰水，确保材料充分固化。这期间别拖地、别淋水，等它干透了再正常使用就行。
158,商品咨询与推荐,商品对比,,美缝剂,"https://detail.tmall.com/item.htm?id=653801641911
亮光柔光美缝剂有什么区别？",亲亲，亮光、柔光美缝剂主要区别在光泽度和视觉效果，性能上基本一致，选择时看瓷砖类型和整体风格即可：亮光美缝剂：表面光亮顺滑，反光感强，颜色更显亮，适合玻化砖、亮面砖、釉面砖等，能让空间更通透、显干净。柔光美缝剂：光泽柔和，反光较弱，看起来更自然不刺眼，适合柔光砖、木纹砖，整体风格偏温和、舒适。
159,商品咨询与推荐,商品效果预期,,美缝剂,"https://detail.tmall.com/item.htm?id=653801641911
美缝剂做完之后效果怎么样？",亲亲，美缝剂施工完成后，缝隙颜色均匀、有光泽，能明显提升瓷砖整体美观度，同时起到防水、防霉、防污的作用，整体效果比普通填缝更干净、整洁。
160,商品咨询与推荐,商品效果预期,,美缝剂,"https://detail.tmall.com/item.htm?id=653801641911
美缝剂时间久了会不会发黑或脱落？",亲亲，美缝剂正常使用不易发黑或脱落，本身具备耐黄变、持久锁色、防水抗渗、抗紫外线等性能哦。但施工时需保证缝隙干净、干燥，按规范施工，才能达到理想的使用效果和寿命。
161,商品咨询与推荐,商品属性咨询,美缝剂可用于浴室等潮湿环境，需选择防水防霉型产品，优氧聚脲美缝剂具有0级防霉、耐水抗渗、十年耐黄变特性,美缝剂,"https://detail.tmall.com/item.htm?id=653801641911
美缝剂可以用在浴室潮湿环境中吗？",亲亲您好！美缝剂可以用在浴室哦，特别适合卫生间、厨房这类潮湿环境使用。但建议选择专业的防水防霉型美缝剂以确保长期效果。我们更推荐优氧聚脲美缝剂，它具有0级防霉等级、耐水抗渗性能优异、十年耐黄变保证，在长期潮湿环境中使用更加安心可靠。普通美缝剂在高湿度环境下可能会出现发霉、变色等问题，而专业防水防霉型产品能有效避免这些风险。
162,商品咨询与推荐,商品属性咨询,天冬聚脲美缝剂采用纯聚脲材质，耐黄变性能强，10年不易发黄，0级防霉，长期使用稳定可靠,美缝剂,"https://detail.tmall.com/item.htm?id=738723114793&skuId=6026390578925
聚脲美缝剂长期使用会发黄吗？",亲亲您好，聚脲美缝剂采用纯聚脲材质，耐黄变性能非常强，10年不易发黄。同时具备0级防霉性能，防霉防水效果出色，用在瓷砖缝隙里非常耐用。相比普通美缝剂，聚脲材质的耐久性和稳定性更好，特别适合厨卫等潮湿区域使用。
163,商品咨询与推荐,商品属性咨询,美缝剂产品按支销售而非按组，用量计算时需明确单支的施工长度，避免购买数量理解偏差,美缝剂,"https://detail.tmall.com/item.htm?id=653801641911
瓷砖美缝剂是按支还是按组销售？",亲亲您好，瓷砖美缝剂是按组销售的，1组美缝剂包含AB组分，施工时使用搭配的混合螺旋胶嘴进行充分混合后施工。每组美缝剂的规格根据产品型号有所不同，常见规格如360g、400g、510g等。规格有少量区别，但每组美缝剂大约可以施工20-22米的缝隙长度。购买时请注意区分单组和套装的区别，根据您的施工面积和瓷砖规格计算所需支数，建议适当预留冗余量。
164,商品咨询与推荐,商品属性咨询,美缝剂购买数量达到一定支数可获赠施工工具，如5支送全套工具，10支额外加送美缝蜡，方便用户自行施工,美缝剂,"https://detail.tmall.com/item.htm?id=653801641911
购买美缝剂是否赠送施工工具？",您好，购买美缝剂达到一定数量可以获赠施工工具。一般5支起送全套施工工具，10支除了全套工具还会额外赠送美缝蜡。全套工具包含施工所需的基本用具，方便您自己动手进行美缝施工。建议根据实际用量需求选择合适的购买数量，既能满足施工需要，又能获得配套工具。温馨提示：若链接中标记【无工具款】因价格已十分优惠，故不参与赠品活动哦~[发送美缝工具图片]
165,商品咨询与推荐,商品用量咨询,,美缝剂,"https://detail.tmall.com/item.htm?id=653801641911
五支美缝剂能用多少平米？","亲亲，双管美缝1组施工标准2mm缝隙用量
注：1组美缝剂施工约22m左右（2mm标准缝隙）
👇【瓷砖参考施工面积】
150*75的瓷砖1组施工约18.6平方
120*60的瓷砖1组施工约13平方
80*80的瓷砖1组施工约14平方
40*80的瓷砖1组施工约10.5平方
60*60的瓷砖1组施工约10.5平方"
166,商品咨询与推荐,商品用量咨询,美缝剂用量需根据瓷砖缝隙长度计算，一支美缝剂约可施工20-22米缝隙，需根据实际面积和瓷砖规格估算总用量并预留冗余,美缝剂,美缝剂的用量如何计算？,亲亲您好，美缝剂的用量计算需要考虑瓷砖规格和缝隙长度。一支美缝剂大约可以施工20-22米左右的缝隙。计算时需要先根据瓷砖尺寸算出每平米的缝隙总长度，再乘以施工面积得出总米数。建议在计算基础上预留10-20%的冗余量，以应对施工损耗。不同品牌和规格的美缝剂施工长度可能略有差异，具体以产品说明为准。
167,商品咨询与推荐,商品选型,,美缝剂,哪种美缝剂好些啊？,亲亲，聚脲美缝剂，防水抗污、耐黄变，使用年限长，适合厨房、卫生间、阳台等；水性环氧美缝剂，环保性好，适合隐形缝隙；油性环氧或双管环氧彩砂价格更实惠，你可以根据实际需求选择哦。[发送美缝剂商品对比图]
168,商品咨询与推荐,商品选型,厨房和卫生间等潮湿区域应选择聚脲美缝剂，防水防霉性能更好，比普通美缝剂更耐用,美缝剂,潮湿区域应该选择什么类型的美缝剂？,您好，厨房和卫生间这类潮湿区域，建议选择聚脲美缝剂或环氧彩砂美缝剂。相比普通美缝剂，聚脲美缝剂具有更好的防水防霉性能，耐黄变，使用寿命更长。这类区域长期接触水汽，普通美缝剂容易发霉变色，而聚脲材质能有效抵抗霉菌滋生。客厅、卧室等干燥区域可以选择普通美缝剂，但厨卫建议升级使用聚脲系列。亲亲这是商品链接哦https://detail.tmall.com/item.htm?id=738723114793&skuId=6026390578925
169,商品咨询与推荐,适用场景匹配,,美缝剂,厨房里适合用美缝剂吗，防水吗？,亲亲您好，咱家美缝剂都可以用在厨房哦，特别适合卫生间、厨房这类潮湿环境使用。防水防霉的～
170,商品咨询与推荐,商品属性咨询,室外耐候结构胶具有抗紫外线、耐高低温（-40℃～130℃）、防霉防水的特性，适用于室外门窗、幕墙、阳光房等场景,结构胶,室外耐候结构胶有哪些特性？,亲亲您好，室外耐候结构胶专门针对户外环境设计，主要特性包括：1.抗紫外线，长期日晒不易老化变质；2.耐高低温，工作温度范围-40℃～130℃，适应各种气候；3.防霉防水，密封性好；4.高粘度强力粘结，不易开裂。适用场景包括室外门窗、幕墙、阳光房等位置的密封，可粘接玻璃、瓷砖、金属、混凝土等多种材料。室内普通密封可选择普通玻璃胶，室外建议使用耐候型。
171,商品咨询与推荐,适用场景匹配,,结构胶,结构胶可以用在木地板吗？,亲亲，结构胶可用于木地板。但是木地板有专用的地板胶，建议使用地板胶哦~地板胶商品链接：https://detail.tmall.com/item.htm?id=967454919626
172,商品咨询与推荐,商品对比,,结构胶,这几款结构胶有什么区别？,亲亲，如果您是室内大面积施工，比如瓷砖、石膏板铺贴，推荐室内结构胶，初始定位强、干得快，粘得非常牢；如果是室内外都要用，尤其是玻璃、幕墙或需要一定弹性的部位，建议选择硅酮结构胶，耐候性和抗开裂性能更好；如果是日常小面积安装或修补，像挂件、局部粘贴，免钉胶更方便省事，粘结稳定但不适合承重太大的场景。您可以根据使用位置和承重需求来选择。[发送结构胶商品对比图片]
173,商品咨询与推荐,商品使用方法,,结构胶,"https://detail.tmall.com/item.htm?id=942962616447
结构胶怎么用啊？要工具吗",亲亲，结构胶需要搭配对应的胶枪使用哦~下单对于规格有显示是否带工具，无工具的话需要单独拍下胶枪。这是结构胶胶枪使用的施工教程，您可以参考一下https://cloud.video.taobao.com/vod/NqINOgdJasTKsUJf955Zjf5TEQDk9EJ9ImXtGL9ikKQ.mp4
174,商品咨询与推荐,商品选型,,结构胶,"https://detail.tmall.com/item.htm?id=942962616447
粘铝合金用哪款胶？",亲亲，结构胶哦～这是商品链接您看下哈~https://detail.tmall.com/item.htm?id=942962616447
247,商品咨询与推荐,商品效果预期,,结构胶,"https://detail.tmall.com/item.htm?id=942962616447
结构胶用了多久能干？",亲亲，结构胶一般约1小时即可初步固化，能达到不易移动的状态；但要达到完全固化和最佳强度，建议静置7天以上，期间避免受力或震动哦。
175,商品咨询与推荐,商品使用方法,地坪漆施工前需要用固沙剂或加固剂处理水泥基层，确保基层牢固不起沙，这是保证地坪漆附着力和耐久性的关键步骤,功能性乳胶漆,"https://detail.tmall.com/item.htm?id=752391830444&skuId=5583002616626
水泥地面涂刷地坪漆前需要做哪些基层处理？",亲亲您好，水泥地面涂刷地坪漆前需要先用固沙剂或加固剂处理基层。这一步非常重要，原因是：1.水泥地面容易起沙、掉粉，直接涂刷地坪漆会导致附着力差、容易脱落；2.固沙剂能渗透到水泥基层，固化松散颗粒，增强基面牢度；3.处理后的基层更平整，地坪漆涂刷效果更好、更耐久。建议施工前确保地面干燥、清洁，再进行固沙处理。这是水性地坪漆搭配固沙剂的施工教程，您可以参考一下https://cloud.video.taobao.com/vod/caqJpqwqF0kd_BQ2bK7yGgmrg8Nmnui93623thcxYl0.mp4
176,商品咨询与推荐,商品使用方法,地坪漆施工需要兑水，兑水比例为10%清水（1公斤漆兑100毫升水），搅拌均匀后施工,功能性乳胶漆,"https://detail.tmall.com/item.htm?id=752391830444&skuId=5583002616626
地坪漆施工要兑水吗，兑多少啊？",亲亲您好，地坪漆施工时需要兑水。兑水比例不超过10%清水，例如1公斤漆兑100毫升水，搅拌均匀后再进行施工。注意：固沙剂不需要加水，可以直接使用。兑水后的地坪漆流动性更好，涂刷更均匀，干燥后效果更佳。这是水性地坪漆的施工教程，您可以参考一下https://cloud.video.taobao.com/vod/8QsBX6a-yEQnLt2nNrPKLai4ZIPx7MSj6ztc9T9yIPk.mp4[发送地坪漆施工注意事项图片]
177,商品咨询与推荐,商品使用方法,,功能性乳胶漆,"https://detail.tmall.com/item.htm?id=752391830444&skuId=5583002616626
地坪漆怎么用啊？","亲亲，地坪漆详细施工流程（建议看完）：
第一步：保持地面整洁干燥平整
第二步：涂刷固沙剂（加固剂）涂刷完12小时后再刷地坪漆，一般1遍即可
第三步：涂刷地坪漆，采用十字交叉法涂刷2遍，每遍间隔3-4小时
第四步：晾干，一般6小时左右可以走人，晾干4-5天可以过车，室内使用建议晾干48小时后入住·这是水性地坪漆的施工教程，您可以参考一下https://cloud.video.taobao.com/vod/8QsBX6a-yEQnLt2nNrPKLai4ZIPx7MSj6ztc9T9yIPk.mp4[发送地坪漆施工注意事项图片]"
178,商品咨询与推荐,适用场景匹配,,功能性乳胶漆,"https://detail.tmall.com/item.htm?id=752391830444&skuId=5583002616626
地坪漆可以用在厕所吗？",亲亲，可以的。地坪漆可以用于厕所，适合室内外水泥基层地面，像厕所、洗衣房这类潮湿区域都能使用。施工时建议做好基层清洁和干燥，按要求涂刷并等完全固化后再使用，这样防水、耐磨效果会更好。
179,商品咨询与推荐,商品对比,,功能性乳胶漆,"https://detail.tmall.com/item.htm?id=752391830444&skuId=5583002616626
地坪漆和底漆区别是啥？",亲亲，底漆主要作用是封闭基层、增强附着力、防起砂起灰，让后面的漆更牢固；而地坪漆属于面层涂料，负责美观、耐磨、防滑、耐压和耐污。施工时一般是先刷底漆，再刷地坪漆，这样整体效果和使用寿命都会更好。
180,商品咨询与推荐,商品效果预期,,功能性乳胶漆,"https://detail.tmall.com/item.htm?id=752391830444&skuId=5583002616626
地坪漆用完多久干？",亲亲，这款地坪漆施工后约 1 小时即可表干，表面不粘手；一般6小时左右可以正常行走使用。为保证效果和强度，完全固化建议养护7天以上，漆膜达到最佳性能效果，期间避免重压、拖拽或遇水，实际干燥时间也会受温度、湿度和施工厚度影响。
181,商品咨询与推荐,商品选型,,功能性乳胶漆,"https://detail.tmall.com/item.htm?id=752391830444&skuId=5583002616626
我要搭配固沙剂选哪个地坪漆链接啊？",亲亲，选择4平方米、20平方米的套餐是固沙剂搭配地坪漆，40平方米及以上的套餐是抗渗底漆搭配地坪漆，这款抗渗底漆性能相较固沙剂会更好哦~4平方套餐链接：https://detail.tmall.com/item.htm?id=752391830444&skuId=6149252302116
182,商品咨询与推荐,商品用量咨询,,功能性乳胶漆,"https://detail.tmall.com/item.htm?id=752391830444&skuId=5583002616626
地坪漆用多少怎么算？",亲亲，地坪漆理论用量为 1kg 可刷约 4–5㎡（2 遍），比如地面面积 20㎡，大约需要 20 ÷ 4 = 5kg 左右；如果地面较粗糙或吸漆性强，建议多预留 10%–20%，以免不够用哦。
183,商品咨询与推荐,商品属性咨询,水性地坪漆适用于楼道、厕所、洗衣房、露台等水泥地面，具有耐水防滑特性，但不具备防水功能，不适合室外长期淋雨环境,功能性乳胶漆,"https://detail.tmall.com/item.htm?id=752391830444&skuId=5583002616626
地坪漆可以用在哪些地方啊？",亲亲您好，水性地坪漆适合用在楼道、厕所、洗衣房、露台、晒台等水泥地面场景，具有耐水防滑、耐污易清洁的特点。但需要注意的是，这款产品耐水但不防水，淋浴区长期淋雨的地方不太适合使用。
184,商品咨询与推荐,商品用量咨询,,功能性乳胶漆,"https://detail.tmall.com/item.htm?id=752391830444&skuId=5583002616626
选多少地坪漆怎么算？",亲亲您好，地坪漆每 1kg 大约可以刷 4–5 平方米地面（涂刷两遍）。建议预留10%–20%余量，以应对地面吸漆量、施工损耗等情况。
185,商品咨询与推荐,商品使用方法,瓷砖空鼓剂施工前需要保持基面干净干燥，有水渍需要先清理干净再施工,瓷砖修补,"https://detail.tmall.com/item.htm?id=662110937733&skuId=5595548391837
瓷砖空鼓剂施工前要做哪些准备工作？",亲亲您好，瓷砖空鼓剂施工前需要做好以下准备：1.清理瓷砖缝隙中的杂物和灰尘；2.如果有水渍需要先清理干净；3.保持施工区域干燥。干净干燥的基面能确保胶液更好地渗透和粘结，提高修复效果。如果卫生间等潮湿区域施工，建议先停用一段时间让地面干燥后再操作。
186,商品咨询与推荐,商品使用方法,,瓷砖修补,"https://detail.tmall.com/item.htm?id=662110937733
瓷砖粘合剂弄到旁边了怎么办？",亲亲，如果施工时不小心弄到旁边的瓷砖上，要在胶体施用后约十五分钟内，赶紧用湿毛巾蘸热水擦掉，干了以后需要用铲刀铲掉。
187,商品咨询与推荐,商品使用方法,瓷砖破损修复需要空鼓剂和瓷砖修补膏配合使用，先用空鼓剂固定再用修补膏填补破损处,瓷砖修补,"https://detail.tmall.com/item.htm?id=662110937733
厕所瓷砖破损碎裂应该如何修复？",亲亲您好，厕所瓷砖破损碎裂需要用瓷砖粘合剂+瓷砖修补膏配合修复。粘合剂用于将松动的瓷砖重新粘接固定，瓷砖修补膏用于填补破损的坑洞和裂缝。施工时建议保持干净干燥，干透后就可以正常使用了。
188,商品咨询与推荐,商品使用方法,瓷砖空鼓剂使用后需要用重物压住，确保胶液充分渗透粘接，提高修复效果,瓷砖修补,"https://detail.tmall.com/item.htm?id=662110937733&skuId=5595548391837
使用瓷砖空鼓剂修复后需要注意什么？",亲亲您好，使用瓷砖空鼓剂修复后，需要用重物压住修复区域，这样可以确保胶液充分渗透到空鼓部位，增强粘接效果。如果胶液溢出到瓷砖表面，需要及时擦掉，避免干固后难以清理。建议压重物静置一段时间，让胶液完全固化后再正常使用。
189,商品咨询与推荐,商品对比,瓷砖空鼓剂适用于仍有粘接但出现空鼓的瓷砖，完全脱落的瓷砖需要使用粘合剂,瓷砖修补,"https://detail.tmall.com/item.htm?id=662110937733
瓷砖空鼓剂和瓷砖粘合剂有什么区别？",亲亲您好！这是两种产品的差异哦您看看呢～[发送瓷砖空鼓剂和粘合剂商品对比图片]两种产品的适用场景不同：瓷砖空鼓剂专门用于处理瓷砖与基层之间出现空鼓、起翘但尚未完全脱落的情况，通过注射方式填充空隙重新粘合；而瓷砖粘合剂适用于瓷砖已经完全脱落需要重新粘贴的情况。使用前需要先判断瓷砖的具体状态：如果敲击有空鼓声但瓷砖还在墙上，选择空鼓剂；如果瓷砖已经掉落，则需要粘合剂。
190,商品咨询与推荐,商品属性咨询,瓷砖空鼓剂和瓷砖修补膏施工需要保持基面干燥，干透后可在潮湿环境正常使用,瓷砖修补,"https://detail.tmall.com/item.htm?id=662110937733&skuId=5595548391837
瓷砖空鼓剂防水吗？",亲亲您好，瓷砖空鼓剂施工时需要保持基面干净干燥，但干透后是可以在潮湿环境正常使用的。厕所经常用水没问题，只要施工时保持干燥，等产品完全固化后再使用卫生间即可。
191,商品咨询与推荐,商品属性咨询,,瓷砖修补,瓷砖修补膏拆封后，可以二次使用吗？拆封后有效期多少时间？,亲亲，瓷砖修补膏可以二次使用的，AB料混合后越快使用完越好哦，膏装的干的比较快哈
192,商品咨询与推荐,商品属性咨询,瓷砖空鼓剂使用需要满足缝隙宽度条件，缝隙小于2mm时针管无法插入，产品无法使用,瓷砖修补,瓷砖空鼓剂对瓷砖缝隙宽度有什么要求？,亲亲您好，瓷砖空鼓剂使用时需要通过针管将胶液注入瓷砖下方空鼓区域。如果瓷砖缝隙小于1.2mm，针管无法插入缝隙，产品将无法正常使用。建议使用前先测量缝隙宽度，确保缝隙≥1.2mm。如果缝隙过小，可以考虑到线下门店咨询其他解决方案哦～
193,商品咨询与推荐,商品用量咨询,,瓷砖修补,空鼓剂用量怎么计算？,亲亲，空鼓剂250ml大概可以施工0.36平方米，根据您瓷砖的情况来购买哦～
194,商品咨询与推荐,商品选型,,瓷砖修补,瓷砖有小裂缝、崩角，用哪款修补？,亲亲，细小裂缝、边角缺损，建议使用立邦瓷砖修补膏，可用于填补、修平表面，修补后颜色自然、不易脱落。这是商品链接，您看下哈https://detail.tmall.com/item.htm?id=685332914806&skuId=5482066502203
195,商品咨询与推荐,商品效果预期,,瓷砖修补,瓷砖修补膏修完后明显吗？,亲亲，瓷砖修补膏修复后可明显改善裂缝和缺角问题，颜色接近瓷砖本色，但无法做到完全无痕，适合功能性和美观性修补。
196,商品咨询与推荐,商品效果预期,,瓷砖修补,空鼓剂可以用在卫生间、厨房吗？,亲亲，瓷砖修补类产品耐水性较好，适合卫生间、厨房等室内区域，施工后需等待完全固化再接触水哦。
197,商品咨询与推荐,适用场景匹配,,瓷砖修补,地面瓷砖翘边可以用空鼓剂吗？,亲亲，瓷砖翘边可以用空鼓剂哦，施工之后，需要用重物压制2-3天的哈
198,商品咨询与推荐,适用场景匹配,,瓷砖修补,家里面几块瓷砖有点拱起来了，用这个瓷砖空鼓剂能行吗？,亲亲您好，瓷砖空鼓剂可以用于处理轻微空鼓、边角或局部起翘不严重的瓷砖，通过注入后填充空隙、增强粘结，一般可以起到加固效果。翘边情况建议注入空鼓剂后使用重物压平，待2-3天空鼓剂完全干燥后取下即可。
199,商品咨询与推荐,商品使用方法,,边缘缝隙封闭,防霉密封胶怎么施工？,"亲亲，密封胶的施工您可以参考一下哦~
https://cloud.video.taobao.com/vod/ZFWZllFH_znFyiPqSsdTlGw_gxmmdbEQagp9c_vCwGk.mp4"
200,商品咨询与推荐,商品使用方法,,边缘缝隙封闭,防霉密封胶弄到手上怎么清理？,亲亲，玻璃胶未干用酒精擦拭，干燥后可以先用温水浸泡软化胶体，然后涂抹食用油（或卸妆油）揉搓，最后用肥皂洗净，避免强行撕扯，以防伤皮肤；操作时建议戴手套防护
201,商品咨询与推荐,商品使用方法,,边缘缝隙封闭,防霉密封胶怎么安装？可以用在哪些地方？,亲亲，这款玻璃胶干湿区通用的，水池台盆周围，煤气灶台周围，马桶底座和瓷砖交接处，浴缸和地面交接处，门窗套于墙体交接处，踢脚线等均可适用哦~施工视频您也可以参考一下：https://cloud.video.taobao.com/vod/ZFWZllFH_znFyiPqSsdTlGw_gxmmdbEQagp9c_vCwGk.mp4
202,商品咨询与推荐,商品使用方法,,边缘缝隙封闭,防霉密封胶怎么用？需要胶枪吗？,亲亲，手挤150ml玻璃胶会配套赠送胶嘴，您开封安装胶嘴后可直接使用，大支玻璃胶需要搭配胶枪使用哦~大小支胶施工视频参考：https://cloud.video.taobao.com/vod/ZFWZllFH_znFyiPqSsdTlGw_gxmmdbEQagp9c_vCwGk.mp4
203,商品咨询与推荐,商品使用方法,,边缘缝隙封闭,"https://detail.tmall.com/item.htm?id=681035295767
防霉密封胶怎么用？有操作指南吗？","亲亲，密封胶的施工您可以参考一下哦~
https://cloud.video.taobao.com/vod/ZFWZllFH_znFyiPqSsdTlGw_gxmmdbEQagp9c_vCwGk.mp4"
204,商品咨询与推荐,商品使用方法,,边缘缝隙封闭,"https://detail.tmall.com/item.htm?id=681035295767
防霉密封胶在使用前需要把旧胶去掉吗？",亲亲，在施工之前建议把之前的旧胶清除干净再施工密封胶哦~
205,商品咨询与推荐,商品使用方法,暴封胶支持带水施工，可用于已经漏水或正在漏水的位置进行密封防水,边缘缝隙封闭,"https://detail.tmall.com/item.htm?id=681035295767
暴封胶可以在有水的情况下施工吗？",亲亲您好，暴封胶可以带水施工，这是它的一大特点。可以用于已经漏水或者正在漏水的位置进行密封防水，即时止漏。适用场景包括厨卫防水、门窗密封、水管堵漏、屋顶防水等。胶体透明，隐形修复，效果很不错。
206,商品咨询与推荐,商品对比,,边缘缝隙封闭,"https://detail.tmall.com/item.htm?id=681035295767
防霉密封胶和玻璃胶哪个防霉效果更好？",亲亲，[发送防霉密封胶商品对比图片]目前店铺防霉效果最好的是这款G-PLUS 18倍防霉密封胶，如果对防霉效果要求比较高可以选择这款哦~https://detail.tmall.com/item.htm?id=681035295767&skuId=5931444260200
207,商品咨询与推荐,商品对比,玻璃胶的防霉倍数越高防水防霉效果越好，干区可用3倍，湿区建议12倍或18倍,边缘缝隙封闭,"https://detail.tmall.com/item.htm?id=681035295767
玻璃胶的12倍防霉和18倍防霉有什么区别？",您好！玻璃胶的防霉倍数代表其防霉性能等级，倍数越高防水防霉效果越好。[发送密封胶商品对比图片]具体区别如下：1）3倍0级防霉款：适合干区使用，如客厅、卧室等不常接触水的区域；2）12倍防霉款：适合一般湿区使用，如厨房台面、普通卫生间；3）18倍防霉款：适合重湿区使用，如淋浴房、马桶底部等长期潮湿环境。用量方面都是一样的，一支150ml可施工5-6米。建议根据使用环境选择合适的防霉等级，湿区环境建议选择12倍或18倍的产品以确保长期防霉效果。这是商品链接亲亲可以选购一下哦https://detail.tmall.com/item.htm?id=681035295767&skuId=5298608406221
208,商品咨询与推荐,商品对比,,边缘缝隙封闭,"https://detail.tmall.com/item.htm?id=681035295767
gplus和g30的区别是什么？",亲亲，G-PLUS是0级防霉，防霉能力达到18倍时效，适合长期潮湿的重湿区，比如淋浴房、水槽边；G30是3倍0级防霉，适合轻度潮湿或干区使用，比如窗框、踢脚线。
209,商品咨询与推荐,商品对比,玻璃胶比塑钢泥更环保无味，塑钢泥干后硬化不美观，高湿区域建议选择高倍数防霉玻璃胶,边缘缝隙封闭,"https://detail.tmall.com/item.htm?id=681035295767
玻璃胶和塑钢泥哪个更环保安全？",您好，玻璃胶比塑钢泥更环保一些。塑钢泥属于MS树脂材料，干了之后是硬度更高。玻璃胶是无味的，更适合室内使用。
210,商品咨询与推荐,商品对比,,边缘缝隙封闭,"https://detail.tmall.com/item.htm?id=681035295767
玻璃胶和塑钢泥有什么区别？",亲亲，玻璃胶属于弹性密封材料，柔韧性好，防水、防霉、耐老化，能适应热胀冷缩，适合用于洗手盆、马桶、窗框、玻璃与瓷砖缝隙等需要伸缩的部位；而塑钢泥属于硬质修补型材料，固化后坚硬可打磨、可上漆、不收缩，更适合用于孔洞、破损、固定造型或需要承重的修补位置。简单来说，需要弹性密封选玻璃胶，需要硬化修补选塑钢泥。
211,商品咨询与推荐,商品属性咨询,,边缘缝隙封闭,"https://detail.tmall.com/item.htm?id=681035295767
防霉密封胶用不完该怎么保存？",亲亲，建议一次性使用完成的，如果有剩余，建议及时清洗胶嘴，密封避光保存，短时间内尽快使用完成避免胶体凝固无法使用哦~
212,商品咨询与推荐,商品属性咨询,,边缘缝隙封闭,"https://detail.tmall.com/item.htm?id=681035295767
买防霉密封胶送300ml赠品吗？",亲亲，购买12倍及以上防霉款，单支赠送胶枪，其他需要购买两支以上赠送工具哦~
213,商品咨询与推荐,商品属性咨询,,边缘缝隙封闭,"https://detail.tmall.com/item.htm?id=681035295767
防霉密封胶打完后要等多久才能用？",亲亲，玻璃胶施工后等待完全干燥即可正常使用，常温下大概24小时左右干透，低温潮湿环境下大概48-72小时左右干透哦~
214,商品咨询与推荐,商品属性咨询,,边缘缝隙封闭,"https://detail.tmall.com/item.htm?id=681035295767
防霉密封胶的防霉效果不好怎么办？",亲亲，防霉密封胶防霉效果不好，通常与基面未彻底清洁除霉、施工时有水分残留、胶层过薄或环境长期潮湿通风差有关。建议先将原有发霉胶体清除，做好除霉消毒并保持基面干燥，再重新满打防霉密封胶，同时加强通风、避免长期积水，这样才能更好发挥防霉效果。这是 3 倍 0 级防霉密封胶的施工教程，您可以参考一下https://cloud.video.taobao.com/vod/pHqx8WlI6dYhwYLIau-u7i81YqHxKMQkMaemMUJ4RG0.mp4
215,商品咨询与推荐,商品属性咨询,,边缘缝隙封闭,"https://detail.tmall.com/item.htm?id=681035295767
防霉密封胶在潮湿的地方粘得牢吗？",亲亲，不建议带水施工的，施工时环境建议清洁施工面，确保干燥、无灰尘、无油污、无旧胶水效果最好哦~
216,商品咨询与推荐,商品属性咨询,,边缘缝隙封闭,"https://detail.tmall.com/item.htm?id=681035295767
防霉密封胶的粘性强度怎么样？会不会容易掉？",亲亲，这款粘接力是非常优秀的，轻易是不会掉落的，您可以放心下单~
217,商品咨询与推荐,商品属性咨询,,边缘缝隙封闭,"https://detail.tmall.com/item.htm?id=681035295767
防霉密封胶粘性强吗？",亲亲，这款粘沾性非常优秀的，正常使用不易脱落，如果使用过程中有任何产品质量问题可以随时与我们联系，会为您提供专业的售后处理哦~
218,商品咨询与推荐,商品属性咨询,,边缘缝隙封闭,"https://detail.tmall.com/item.htm?id=681035295767
防霉密封胶弄脏了怎么清洁？",亲亲，玻璃胶未干用酒精擦拭，干透用铲刀铲除哦~
219,商品咨询与推荐,商品属性咨询,,边缘缝隙封闭,"https://detail.tmall.com/item.htm?id=681035295767
防霉密封胶有没有鸭嘴设计？",亲亲，每支密封胶都有搭配的胶嘴，施工时可以根据需要切割合适的切口，方便施工~密封胶施工视频：https://cloud.video.taobao.com/vod/aZOF36_QbszBMnjp2Wu5oO52-EeTfEQmPiBmo3Z2huQ.mp4
220,商品咨询与推荐,商品属性咨询,,边缘缝隙封闭,"https://detail.tmall.com/item.htm?id=681035295767
防霉密封胶在什么干燥条件下才能干透？",亲亲，玻璃胶施工后等待完全干燥即可正常使用，常温下大概24小时左右干透，低温潮湿环境下大概48-72小时左右干透哦~
221,商品咨询与推荐,商品属性咨询,,边缘缝隙封闭,"https://detail.tmall.com/item.htm?id=681035295767
防霉密封胶要多久才能干透？",亲亲，玻璃胶常温下24小时左右干透，低温潮湿环境下48-72小时左右干透，具体已您的实际情况为准哦~
222,商品咨询与推荐,商品属性咨询,,边缘缝隙封闭,"https://detail.tmall.com/item.htm?id=681035295767
防霉密封胶打完后多久能干透正常使用？",亲亲，玻璃胶施工后等待完全干燥即可正常使用，常温下大概24小时左右干透，低温潮湿环境下大概48-72小时左右干透哦~
223,商品咨询与推荐,商品属性咨询,,边缘缝隙封闭,"https://detail.tmall.com/item.htm?id=681035295767
防霉密封胶是什么材质的？",亲亲，密封胶材质是中性有机硅酮胶，最高具有18倍0级防霉效果，干湿区通用，适用于马桶、灶台、水槽、淋浴房等环境~
224,商品咨询与推荐,商品属性咨询,,边缘缝隙封闭,"https://detail.tmall.com/item.htm?id=681035295767
玻璃胶打完要等多久才能正常使用？",亲亲，玻璃胶施工后等待完全干燥即可正常使用，常温下大概24小时左右干透，低温潮湿环境下大概48-72小时左右干透哦~
225,商品咨询与推荐,商品属性咨询,,边缘缝隙封闭,"https://detail.tmall.com/item.htm?id=681035295767
防霉密封胶贴了美纹纸，什么时候撕掉最合适？",亲亲，美纹纸建议在密封胶施工抹平后立即撕掉，防止密封胶固化变硬，可能连带美纹纸断裂或残留胶渍。
226,商品咨询与推荐,商品属性咨询,,边缘缝隙封闭,"https://detail.tmall.com/item.htm?id=681035295767
防霉密封胶的产品配置怎么样？防霉效果好吗？",亲亲，不同配置的密封胶方面效果也有差异哦，具体您可以看下这个对比图，湿区推荐12倍和18倍防霉款哦~[发送密封胶商品对比图]
227,商品咨询与推荐,商品属性咨询,,边缘缝隙封闭,"https://detail.tmall.com/item.htm?id=681035295767
防霉密封胶开封后能放多久？保质期还管用吗？",建议一次性使用完成的，如果有剩余，建议及时清洗胶嘴，密封避光保存，短时间内尽快使用完成避免胶体凝固无法使用哦~
228,商品咨询与推荐,商品属性咨询,玻璃胶购买时会赠送打胶工具，方便用户自行施工，无需额外购买,边缘缝隙封闭,"https://detail.tmall.com/item.htm?id=681035295767
购买玻璃胶送施工工具吗？",亲亲您好，购买12倍及以上防霉款密封胶单支赠送胶枪工具，其他密封胶需要购买2支及以上赠送胶枪工具。赠送的工具包含基本的打胶用具，足够完成日常的密封填缝工作。如果需要铲除旧胶，可以另外购买铲胶工具，或者选择带铲胶工具的套装。
229,商品咨询与推荐,商品属性咨询,美缝贴产品主要适用于厨房水池、水槽、卫生间马桶等位置的缝隙填补，不适合用于乳胶漆墙面,边缘缝隙封闭,"https://detail.tmall.com/item.htm?id=681035295767
美缝贴适用于哪些场景？",亲亲您好，防水防霉美缝贴主要适用于厨房水池、水槽、卫生间马桶等位置的缝隙填补，具有防水防霉的功能。这款产品设计用于瓷砖、陶瓷等光滑表面的缝隙密封，不建议用于乳胶漆墙面。乳胶漆墙面的缝隙修补建议使用补墙膏或墙面修补漆等专用产品，效果更好且不易脱落。
230,商品咨询与推荐,商品属性咨询,大支胶和小支胶用的都是通用胶枪，操作方式基本相同，容易上手,边缘缝隙封闭,"https://detail.tmall.com/item.htm?id=681035295767
大支玻璃胶和小支玻璃胶用的胶枪是一样的吗？",亲亲您好，小支胶为手挤款，无需搭配胶枪，大支胶需要搭配胶枪，参考操作视频上手简单。购买玻璃胶时可以根据实际用量选择合适的规格，如果是首次使用，建议先在不显眼位置试打，熟悉出胶手感。大支玻璃胶施工视频：https://cloud.video.taobao.com/vod/aZOF36_QbszBMnjp2Wu5oO52-EeTfEQmPiBmo3Z2huQ.mp4
231,商品咨询与推荐,商品效果预期,,边缘缝隙封闭,"https://detail.tmall.com/item.htm?id=681035295767
防霉密封胶的防霉效果能维持多久？",亲亲，玻璃胶最高18倍防霉效果，指相比普通产品，霉菌滋生速度延缓18倍，正常使用可以质保20年不发霉哦~
232,商品咨询与推荐,商品效果预期,玻璃胶正常使用10-15年不会变黄发霉，具有优异的耐黄变性能,边缘缝隙封闭,"https://detail.tmall.com/item.htm?id=681035295767
玻璃胶使用时间长了会变黄或发霉吗？",您好！立邦玻璃胶具有优异的耐黄变和防霉性能，正常使用10-15年是没问题的。产品特点如下：1）耐黄变性能：采用优质原料配方，长期使用不会变黄，保持透明或白色外观；2）防霉性能：所有产品都具有防水防霉功能，12倍和18倍防霉款在潮湿环境下也不会发霉；3）使用寿命：在正常使用和维护条件下，可以保持10-15年的良好状态。如果在使用过程中出现产品质量问题（如一年内变黄），可以随时联系我们，我们有专业的售后人员为您跟进处理。
233,商品咨询与推荐,商品用量咨询,,边缘缝隙封闭,"https://detail.tmall.com/item.htm?id=681035295767
防霉密封胶建议用量是多少？",亲亲您好，小支150ml玻璃胶大概可以施工5-6米左右（5mm缝隙）开盖后手动挤出使用即可，大支300ml玻璃胶大概可以施工10-12米左右（5mm缝隙）建议搭配工具使用，都是操作简单非常方便的，具体您可以根据您的施工情况选择哦~
234,商品咨询与推荐,商品用量咨询,,边缘缝隙封闭,"https://detail.tmall.com/item.htm?id=681035295767
小支的防霉密封胶能打多少？",亲亲，小支的这款密封胶一管大约能打出5-6米长的胶条（5mm宽度），实际使用中会因缝隙大小和施工手法有差异。
235,商品咨询与推荐,商品用量咨询,,边缘缝隙封闭,"https://detail.tmall.com/item.htm?id=681035295767
防霉密封胶有几种容量？分别能用多长？",亲亲，这款玻璃胶目前仅有150ml与300ml两种规格，150ml大概可以施工5-6m左右（5mm的缝隙），300ml大概可以施工10-12m左右（5mm的缝隙），具体以您实际施工用量为准哦~
236,商品咨询与推荐,商品选型,厨房卫生间缝隙发霉应选择防水防霉玻璃胶或塑钢泥，具有防霉防水性能，适合潮湿环境,边缘缝隙封闭,"https://detail.tmall.com/item.htm?id=681035295767
厨房卫生间缝隙发霉应该选择哪款密封胶？",亲亲您好，厨房卫生间缝隙发霉建议选择Gplus-防水防霉密封胶。这类产品具有防霉防水性能，专门针对潮湿环境设计。施工前建议先清除原有发霉的旧胶，确保新胶能牢固粘接。这是商品链接您看下哈～https://detail.tmall.com/item.htm?id=681035295767&skuId=5931444260200
237,商品咨询与推荐,商品选型,,边缘缝隙封闭,"https://detail.tmall.com/item.htm?id=681035295767
门窗收边用什么型号的胶？",亲亲门窗收边看下这款哦～https://detail.tmall.com/item.htm?id=662639606348
238,商品咨询与推荐,商品选型,踢脚线封边可使用玻璃胶，玻璃胶具有防水防霉功能，适合缝隙密封场景,边缘缝隙封闭,"https://detail.tmall.com/item.htm?id=681035295767
踢脚线封边应该用什么胶？",亲亲您好，踢脚线封边可以使用玻璃胶，玻璃胶具有防水防霉功能，非常适合缝隙密封场景。如果是白色踢脚线，可以选择白色玻璃胶，颜色更协调。玻璃胶主要用于密封填缝，如果是踢脚线脱落需要粘接固定，建议使用免钉胶，粘接力更强。这是商品链接您看下哈https://detail.tmall.com/item.htm?id=681035295767&skuId=5435495806855
239,商品咨询与推荐,商品选型,,边缘缝隙封闭,"https://detail.tmall.com/item.htm?id=681035295767
厨房卫生间有水的地方应该选择哪种密封胶啊？",亲亲您好，对于水池、卫生间这类高湿区域，建议选择18倍防霉玻璃胶，防水、抗菌、耐黄效果更好，能有效抵抗潮湿环境下的霉菌滋生。这是商品链接您看下哈～https://detail.tmall.com/item.htm?id=681035295767&skuId=5931444260200
240,商品咨询与推荐,商品选型,,边缘缝隙封闭,"https://detail.tmall.com/item.htm?id=681035295767
玻璃胶选白色还是透明的呢？",亲亲，根据您家的水池颜色哦，如果是白色就买白色或者透明色都可以的～
241,商品咨询与推荐,商品选型,高湿区域如水池和卫生间需要选择高倍数防霉玻璃胶，12倍防霉效果优于3倍和6倍,边缘缝隙封闭,"https://detail.tmall.com/item.htm?id=681035295767
水池和卫生间区域应该选择几倍防霉的玻璃胶？",亲亲您好，水池和卫生间属于高湿区域，建议选择18倍防霉玻璃胶。相比3倍和6倍，18倍防霉效果更好，防水、抗菌、耐黄性能更强。高湿环境长期接触水汽，需要更强的防霉能力才能保持长久效果。这是商品链接您看下哈～https://detail.tmall.com/item.htm?id=681035295767&skuId=5931444260200
242,商品咨询与推荐,适用场景匹配,,边缘缝隙封闭,"https://detail.tmall.com/item.htm?id=681035295767
防霉密封胶能用来粘镜子吗？",亲亲，不建议粘镜子的，由于镜子的镀银层可能受胶体影响，长期使用可能导致氧化或脱落。
243,商品咨询与推荐,适用场景匹配,,边缘缝隙封闭,"https://detail.tmall.com/item.htm?id=681035295767
马桶底座松动了，什么胶能粘合固定",亲亲，马桶底座松动用这款立邦G-PLUS防水防霉密封胶就行，施工前记得先把底座擦干净、晾干，再沿着缝隙均匀打一圈胶，压紧固定就好啦。这是商品链接，您看下哈https://detail.tmall.com/item.htm?id=662639606348
244,商品咨询与推荐,适用场景匹配,,边缘缝隙封闭,"https://detail.tmall.com/item.htm?id=681035295767
马桶底部可以用防霉密封胶吗？",亲亲可以的，咱们这款GPLUS 18倍防霉密封胶，特别适合用在马桶底部这种潮湿区域，密封防霉效果很稳。
245,商品咨询与推荐,适用场景匹配,,边缘缝隙封闭,"https://detail.tmall.com/item.htm?id=681035295767
防霉密封胶能用来堵角阀漏水吗？",亲亲，玻璃胶不建议长期用于角阀堵漏哦~长期使用可能因水压或温差老化开裂，仅建议应急哦~
246,商品咨询与推荐,适用场景匹配,,边缘缝隙封闭,"https://detail.tmall.com/item.htm?id=681035295767
防霉密封胶能用来修复漏水的鱼缸吗？",亲亲，鱼缸漏水不建议使用的哦~玻璃胶不建议使用在长期泡水环境哦~
247,主动转人工,,非商品知识,无,我要转人工客服,您好，该问题涉及物流/政策/售后等非商品知识内容，需要转人工客服为您处理，请稍等。
248,主动转人工,,非商品知识问题需转人工处理,无,人工客服在吗,您好，该问题涉及物流/政策/售后等非商品知识内容，需要转人工客服为您处理，请稍等。
249,主动转人工,,非商品知识问题需转人工处理,无,有人工吗,您好，该问题涉及物流/政策/售后等非商品知识内容，需要转人工客服为您处理，请稍等。
250,促销与补贴,优惠活动咨询,非商品知识问题需转人工处理,无,评价返2元红包吗,您好，该问题涉及物流/政策/售后等非商品知识内容，需要转人工客服为您处理，请稍等。
251,促销与补贴,优惠活动咨询,非商品知识问题需转人工处理,无,有什么优惠活动？,您好，该问题涉及物流/政策/售后等非商品知识内容，需要转人工客服为您处理，请稍等。
252,促销与补贴政策,价格政策咨询,非商品知识问题需转人工处理,无,我的订单返现,您好，该问题涉及物流/政策/售后等非商品知识内容，需要转人工客服为您处理，请稍等。
253,促销与补贴政策,价格政策咨询,非商品知识问题需转人工处理,无,你好，我的订单有价保吗,您好，该问题涉及物流/政策/售后等非商品知识内容，需要转人工客服为您处理，请稍等。
254,促销与补贴政策,价格政策咨询,非商品知识,无,返30元是收到货之后返吗,您好，该问题涉及物流/政策/售后等非商品知识内容，需要转人工客服为您处理，请稍等。
255,促销与补贴政策,价格政策咨询,非商品知识,无,好评有奖励吗,您好，该问题涉及物流/政策/售后等非商品知识内容，需要转人工客服为您处理，请稍等。
256,促销与补贴政策,价格政策咨询,非商品知识,无,你好，我看到赞评说返3元，现在还有吗,您好，该问题涉及物流/政策/售后等非商品知识内容，需要转人工客服为您处理，请稍等。
257,促销与补贴政策,优惠活动咨询,非商品知识问题需转人工处理,无,直播优惠的价格没有了吗？,您好，该问题涉及物流/政策/售后等非商品知识内容，需要转人工客服为您处理，请稍等。
258,促销与补贴政策,优惠活动咨询,非商品知识问题需转人工处理,无,什么优惠,您好，该问题涉及物流/政策/售后等非商品知识内容，需要转人工客服为您处理，请稍等。
259,促销与补贴政策,优惠活动咨询,非商品知识问题需转人工处理,无,这个百亿补贴什么时候结束,您好，该问题涉及物流/政策/售后等非商品知识内容，需要转人工客服为您处理，请稍等。
260,促销与补贴政策,会员与积分,非商品知识,无,会员专享福利红包,您好，该问题涉及物流/政策/售后等非商品知识内容，需要转人工客服为您处理，请稍等。
261,售后问题,,非商品知识问题需转人工处理,无,未收到工具转人工,您好，该问题涉及物流/政策/售后等非商品知识内容，需要转人工客服为您处理，请稍等。
262,售后问题,,非商品知识问题需转人工处理,无,我的订单已过售后期，需要发起售后申请，请尽快帮我打开售后入口，谢谢,您好，该问题涉及物流/政策/售后等非商品知识内容，需要转人工客服为您处理，请稍等。
263,售后问题,,非商品知识问题需转人工处理,无,老板，漆收到一桶，但那铁棍还未收到，不是一起发货吗？,您好，该问题涉及物流/政策/售后等非商品知识内容，需要转人工客服为您处理，请稍等。
264,售后问题,,非商品知识问题需转人工处理,无,我的订单已过售后期，需要发起售后申请，请尽快帮我打开售后入口，谢谢,您好，该问题涉及物流/政策/售后等非商品知识内容，需要转人工客服为您处理，请稍等。
265,售后问题,,非商品知识问题需转人工处理,无,那你的售后是怎样给我售后,您好，该问题涉及物流/政策/售后等非商品知识内容，需要转人工客服为您处理，请稍等。
266,售后问题,,非商品知识问题需转人工处理,无,快递公司说胶水烂掉，漏掉了,您好，该问题涉及物流/政策/售后等非商品知识内容，需要转人工客服为您处理，请稍等。
267,售后问题,,非商品知识问题需转人工处理,无,包裹都破损了,您好，该问题涉及物流/政策/售后等非商品知识内容，需要转人工客服为您处理，请稍等。
268,售后问题,,非商品知识问题需转人工处理,无,你好 收到的收边胶有点干 产品是不是有问题啊,您好，该问题涉及物流/政策/售后等非商品知识内容，需要转人工客服为您处理，请稍等。
269,售后问题,,非商品知识问题需转人工处理,无,收货包装也很破 里面都是散装 是不是你们官方旗舰店发的货啊,您好，该问题涉及物流/政策/售后等非商品知识内容，需要转人工客服为您处理，请稍等。
270,售后问题,,非商品知识,无,你好，退一下之前买色卡小样的钱,您好，该问题涉及物流/政策/售后等非商品知识内容，需要转人工客服为您处理，请稍等。
271,售后问题,,非商品知识,无,去年11月买的，发来就过期了，怎么回事？,您好，该问题涉及物流/政策/售后等非商品知识内容，需要转人工客服为您处理，请稍等。
272,售后问题,,非商品知识,无,为啥不是立邦包装的,您好，该问题涉及物流/政策/售后等非商品知识内容，需要转人工客服为您处理，请稍等。
273,售后问题,,非商品知识,无,售后订单咨询,您好，该问题涉及物流/政策/售后等非商品知识内容，需要转人工客服为您处理，请稍等。
274,售后问题,,非商品知识,无,你好，刚刚快递打电话来说那个桶坏了，已经拒收了,您好，该问题涉及物流/政策/售后等非商品知识内容，需要转人工客服为您处理，请稍等。
275,家装行业相关,颜色相关咨询,非商品知识,无,我到时候哪里调色呀,您好，该问题涉及物流/政策/售后等非商品知识内容，需要转人工客服为您处理，请稍等。
276,店铺或品牌相关,品牌认知&公关话术,非商品知识问题需转人工处理,无,是正品立邦品牌吗,您好，该问题涉及物流/政策/售后等非商品知识内容，需要转人工客服为您处理，请稍等。
277,支付问题,支付方式,非商品知识,无,为什么只能花呗付款,您好，该问题涉及物流/政策/售后等非商品知识内容，需要转人工客服为您处理，请稍等。
278,服务政策咨询,物流政策咨询,非商品知识问题需转人工处理,无,这两个订单是一起发货还是分开发货,您好，该问题涉及物流/政策/售后等非商品知识内容，需要转人工客服为您处理，请稍等。
279,服务政策咨询,物流政策咨询,非商品知识问题需转人工处理,无,尽快发货，着急用,您好，该问题涉及物流/政策/售后等非商品知识内容，需要转人工客服为您处理，请稍等。
280,服务政策咨询,物流政策咨询,非商品知识问题需转人工处理,无,今天能发货吧,您好，该问题涉及物流/政策/售后等非商品知识内容，需要转人工客服为您处理，请稍等。
281,服务政策咨询,物流政策咨询,非商品知识问题需转人工处理,无,不送货上门，就投诉那个说送货上门的客服！,您好，该问题涉及物流/政策/售后等非商品知识内容，需要转人工客服为您处理，请稍等。
282,服务政策咨询,物流政策咨询,非商品知识问题需转人工处理,无,物流反馈了吗,您好，该问题涉及物流/政策/售后等非商品知识内容，需要转人工客服为您处理，请稍等。
283,服务政策咨询,物流政策咨询,非商品知识问题需转人工处理,无,如何查询物流信息？,您好，该问题涉及物流/政策/售后等非商品知识内容，需要转人工客服为您处理，请稍等。
284,服务政策咨询,物流政策咨询,非商品知识,无,订单是一起发货还是分开发货？,您好，该问题涉及物流/政策/售后等非商品知识内容，需要转人工客服为您处理，请稍等。
285,服务政策咨询,物流政策咨询,非商品知识,无,运费怎么算的,您好，该问题涉及物流/政策/售后等非商品知识内容，需要转人工客服为您处理，请稍等。
286,服务政策咨询,物流政策咨询,非商品知识,无,没有运费险么,您好，该问题涉及物流/政策/售后等非商品知识内容，需要转人工客服为您处理，请稍等。
287,服务政策咨询,质保/维修方案,非商品知识问题需转人工处理,无,你的售后保障是什么,您好，该问题涉及物流/政策/售后等非商品知识内容，需要转人工客服为您处理，请稍等。
288,服务政策咨询,质保/维修方案,非商品知识,无,打开试用不好用能退吗,您好，该问题涉及物流/政策/售后等非商品知识内容，需要转人工客服为您处理，请稍等。
289,服务政策咨询,退换货政策咨询,非商品知识问题需转人工处理,无,我那个货不要发了，我要退货,您好，该问题涉及物流/政策/售后等非商品知识内容，需要转人工客服为您处理，请稍等。
290,服务政策咨询,退换货政策咨询,非商品知识问题需转人工处理,无,你好，我这个结构胶有多了6支出来，可以申请退款吗,您好，该问题涉及物流/政策/售后等非商品知识内容，需要转人工客服为您处理，请稍等。
291,服务政策咨询,退换货政策咨询,非商品知识问题需转人工处理,无,你好，我想了一下，我还要留一组在家备用，现在怎么修改退款金额？,您好，该问题涉及物流/政策/售后等非商品知识内容，需要转人工客服为您处理，请稍等。
292,服务政策咨询,退换货政策咨询,非商品知识问题需转人工处理,无,这订单还能退货吗,您好，该问题涉及物流/政策/售后等非商品知识内容，需要转人工客服为您处理，请稍等。
293,服务政策咨询,退换货政策咨询,非商品知识问题需转人工处理,无,用不完可以退货吗？,您好，该问题涉及物流/政策/售后等非商品知识内容，需要转人工客服为您处理，请稍等。
294,服务政策咨询,退换货政策咨询,非商品知识问题需转人工处理,无,如何申请退货退款？,您好，该问题涉及物流/政策/售后等非商品知识内容，需要转人工客服为您处理，请稍等。
295,服务政策咨询,退换货政策咨询,非商品知识,无,剩了一桶，赠品都退给你,您好，该问题涉及物流/政策/售后等非商品知识内容，需要转人工客服为您处理，请稍等。
296,订单操作,修改订单,非商品知识问题需转人工处理,无,你好，地址错了,您好，该问题涉及物流/政策/售后等非商品知识内容，需要转人工客服为您处理，请稍等。
297,订单操作,修改订单,非商品知识,无,漆我已经下单了，暂时没有送货，我想要调色,您好，该问题涉及物流/政策/售后等非商品知识内容，需要转人工客服为您处理，请稍等。
298,订单操作,确认订单,非商品知识问题需转人工处理,无,看看我这个订单是几支胶,您好，该问题涉及物流/政策/售后等非商品知识内容，需要转人工客服为您处理，请稍等。
299,订单操作,确认订单,非商品知识,无,这样下单可以吗,您好，该问题涉及物流/政策/售后等非商品知识内容，需要转人工客服为您处理，请稍等。
300,订单操作,订单备注,非商品知识问题需转人工处理,无,可以备注送点吗,您好，该问题涉及物流/政策/售后等非商品知识内容，需要转人工客服为您处理，请稍等。
